Unnamed: 0,province,district,sector,cell,village,latitude,longitude,geo,building_id
4,City of Kigali,Gasabo,Bumbogo,Musave,Rebero,-1.91623873,30.18125213,"POLYGON ((30.1812732906637 -1.9162490171002, 30.1812708873268 -1.91622453510636, 30.1812308761229 -1.91622851151784, 30.1812334907034 -1.91625297251719, 30.1812732906637 -1.9162490171002))",K-G-B-BLDG-S1916238-E3018125
5,City of Kigali,Gasabo,Jabana,Bweramvura,Nyarurama,-1.87231515,30.04555044,"POLYGON ((30.0455903233207 -1.87230766958008, 30.0455446049203 -1.87227474444586, 30.0455105399685 -1.87232263340469, 30.0455562583667 -1.8723555585407, 30.0455903233207 -1.87230766958008))",K-G-J-BLDG-S1872315-E3004555
39,City of Kigali,Gasabo,Rusororo,Nyagahinga,Gisharara,-1.97298182,30.21293661,"POLYGON ((30.2130079766066 -1.97299604440695, 30.2129526408316 -1.97291041686421, 30.2128652386246 -1.97296759462566, 30.2129205743888 -1.9730532221676, 30.2130079766066 -1.97299604440695))",K-G-R-BLDG-S1972981-E3021293
41,City of Kigali,Gasabo,Bumbogo,Ngara,Gisasa,-1.9011499,30.12962286,"POLYGON ((30.1296558370203 -1.9011428639149, 30.1296265753644 -1.90111597485839, 30.1295897285764 -1.90115656985634, 30.1296195194481 -1.90118394522208, 30.1296558370203 -1.9011428639149))",K-G-B-BLDG-S1901149-E3012962
63,City of Kigali,Gasabo,Ndera,Kibenga,Berwa,-1.95648939,30.1747052,"POLYGON ((30.1747194002979 -1.95651563395916, 30.1747172638346 -1.95646209375288, 30.1746909899909 -1.95646315510655, 30.1746931264533 -1.95651669531157, 30.1747194002979 -1.95651563395916))",K-G-N-BLDG-S1956489-E3017470
82,City of Kigali,Gasabo,Gikomero,Murambi,Rugarama,-1.90127653,30.20363293,"POLYGON ((30.2036456016302 -1.90129462466878, 30.2036456598466 -1.90125847919607, 30.2036202307958 -1.90125843773245, 30.2036201725791 -1.90129458320436, 30.2036456016302 -1.90129462466878))",K-G-G-BLDG-S1901276-E3020363
99,City of Kigali,Gasabo,Kinyinya,Gasharu,Agatare,-1.90509907,30.12546974,"POLYGON ((30.1254946512733 -1.90512248355787, 30.1254724835621 -1.90506488210317, 30.1254448246371 -1.90507565841838, 30.1254669923465 -1.90513325987202, 30.1254946512733 -1.90512248355787))",K-G-K-BLDG-S1905099-E3012546
104,City of Kigali,Gasabo,Rusororo,Mbandazi,Cyeru,-1.94785726,30.23241902,"POLYGON ((30.2324405075604 -1.94785174061844, 30.2324094491803 -1.94783713186893, 30.2323975336138 -1.94786277705745, 30.2324285919938 -1.94787738580771, 30.2324405075604 -1.94785174061844))",K-G-R-BLDG-S1947857-E3023241
132,City of Kigali,Gasabo,Ndera,Mukuyu,Akimana,-1.91115756,30.19024527,"POLYGON ((30.1902650868928 -1.91115048083741, 30.1902327560898 -1.9111405518162, 30.1902254426067 -1.91116466079032, 30.1902577734099 -1.91117458981225, 30.1902650868928 -1.91115048083741))",K-G-N-BLDG-S1911157-E3019024
133,City of Kigali,Gasabo,Ndera,Bwiza,Gasharu,-1.95148739,30.22411215,"POLYGON ((30.2241589822571 -1.95148043352055, 30.2240938215951 -1.9514434695598, 30.224065311644 -1.9514943472044, 30.2241304723042 -1.951531311168, 30.2241589822571 -1.95148043352055))",K-G-N-BLDG-S1951487-E3022411
143,City of Kigali,Gasabo,Gatsata,Nyamabuye,Kibaya,-1.93809946,30.04310461,"POLYGON ((30.0431066650176 -1.93815289293976, 30.0431522562293 -1.93807579135212, 30.0431025540407 -1.93804603882727, 30.0430569628316 -1.9381231404114, 30.0431066650176 -1.93815289293976))",K-G-GA-BLDG-S1938099-E3004310
152,City of Kigali,Gasabo,Gatsata,Karuruma,Kingasire,-1.91600298,30.04138758,"POLYGON ((30.041410879077 -1.91599996937904, 30.0413736126195 -1.91598396386366, 30.0413642637167 -1.91600600079075, 30.0414015301737 -1.91602200630719, 30.041410879077 -1.91599996937904))",K-G-GA-BLDG-S1916002-E3004138
159,City of Kigali,Gasabo,Rusororo,Kabuga I,Kabeza,-1.98119434,30.22630062,"POLYGON ((30.2263164080348 -1.98121159202099, 30.2263117832887 -1.98117375328376, 30.2262848360826 -1.98117708733982, 30.2262894608279 -1.98121492607632, 30.2263164080348 -1.98121159202099))",K-G-R-BLDG-S1981194-E3022630
164,City of Kigali,Gasabo,Nduba,Gasanze,Nyarubande,-1.87871878,30.09475845,"POLYGON ((30.0948116323259 -1.87872265484826, 30.0947466808991 -1.87865973595182, 30.0947112675213 -1.87869674738617, 30.0947374111094 -1.87872207286168, 30.0947201233992 -1.87874014069149, 30.0947589312342 -1.87877773411251, 30.0948116323259 -1.87872265484826))",K-G-ND-BLDG-S1878718-E3009475
175,City of Kigali,Gasabo,Kinyinya,Murama,Taba,-1.91760232,30.11397369,"POLYGON ((30.1139904546934 -1.9176159052679, 30.1139871995571 -1.91758543553658, 30.1139569166166 -1.91758871075113, 30.1139601717522 -1.9176191804817, 30.1139904546934 -1.9176159052679))",K-G-K-BLDG-S1917602-E3011397
200,City of Kigali,Gasabo,Nduba,Gatunga,Agasharu,-1.87321912,30.08967002,"POLYGON ((30.0896757606353 -1.87327347039606, 30.0896852825518 -1.87323058633491, 30.0897150325892 -1.87323727407829, 30.0897257675705 -1.87318892669744, 30.0896431156674 -1.87317034673241, 30.0896228587686 -1.87326157816841, 30.0896757606353 -1.87327347039606))",K-G-ND-BLDG-S1873219-E3008967
205,City of Kigali,Gasabo,Gatsata,Nyamabuye,Agakomeye,-1.94097938,30.03914467,"POLYGON ((30.0391815349084 -1.94099372874284, 30.0391565552011 -1.94094145493355, 30.039107825311 -1.94096502862918, 30.0391328050149 -1.94101730243742, 30.0391815349084 -1.94099372874284))",K-G-GA-BLDG-S1940979-E3003914
221,City of Kigali,Gasabo,Kinyinya,Kagugu,Kagarama,-1.89512814,30.08290515,"POLYGON ((30.082951081909 -1.89508869232201, 30.082906620535 -1.89506739556404, 30.0828592213375 -1.89516757831512, 30.0829036827097 -1.89518887507719, 30.082951081909 -1.89508869232201))",K-G-K-BLDG-S1895128-E3008290
226,City of Kigali,Gasabo,Ndera,Rudashya,Kacyinyaga,-1.96299131,30.20096254,"POLYGON ((30.2009976773354 -1.96297394479649, 30.2009183718753 -1.96296526521272, 30.200915531873 -1.96299153401702, 30.2009610596055 -1.96299651679989, 30.2009582276411 -1.96302271125436, 30.2009920053699 -1.96302640805796, 30.2009976773354 -1.96297394479649))",K-G-N-BLDG-S1962991-E3020096
238,City of Kigali,Gasabo,Kinyinya,Kagugu,Muhororo,-1.9008491,30.08421493,"POLYGON ((30.0842402597254 -1.90084740089595, 30.0842025427608 -1.90082678967718, 30.0841895826562 -1.90085079962784, 30.0842272996204 -1.90087141084747, 30.0842402597254 -1.90084740089595))",K-G-K-BLDG-S1900849-E3008421
276,City of Kigali,Gasabo,Bumbogo,Musave,Kayumba,-1.93516753,30.16366617,"POLYGON ((30.1636656886979 -1.93512858415045, 30.1636308784309 -1.93515152637657, 30.1636666582328 -1.93520648575748, 30.1637014685018 -1.93518354353045, 30.1636656886979 -1.93512858415045))",K-G-B-BLDG-S1935167-E3016366
277,City of Kigali,Gasabo,Bumbogo,Ngara,Uwaruraza,-1.88924455,30.11485645,"POLYGON ((30.1148345909892 -1.88930834731484, 30.1149098088526 -1.88920367328703, 30.1148783047297 -1.88918075379229, 30.114803086868 -1.88928542781662, 30.1148345909892 -1.88930834731484))",K-G-B-BLDG-S1889244-E3011485
279,City of Kigali,Gasabo,Gatsata,Nyamabuye,Nyakanunga,-1.93155506,30.04389419,"POLYGON ((30.043885008484 -1.9315835849262, 30.04388570756 -1.93159535158833, 30.0439353915504 -1.93155624076875, 30.0439336731123 -1.93152731649942, 30.043858151285 -1.93153185882088, 30.0438613090999 -1.93158501034317, 30.043885008484 -1.9315835849262))",K-G-GA-BLDG-S1931555-E3004389
295,City of Kigali,Gasabo,Jabana,Kabuye,Tetero,-1.89987076,30.05257633,"POLYGON ((30.052595722356 -1.89989136761925, 30.052593803856 -1.89984848349819, 30.0525569280644 -1.89985015365385, 30.0525588465634 -1.89989303777358, 30.052595722356 -1.89989136761925))",K-G-J-BLDG-S1899870-E3005257
298,City of Kigali,Gasabo,Jabana,Bweramvura,Taba,-1.86680339,30.03923321,"POLYGON ((30.0392896457767 -1.86680151512119, 30.039222246403 -1.86674765587377, 30.0391767799574 -1.86680525998657, 30.0392441793269 -1.86685911923601, 30.0392896457767 -1.86680151512119))",K-G-J-BLDG-S1866803-E3003923
304,City of Kigali,Gasabo,Ndera,Masoro,Mubuga,-1.93980804,30.14683772,"POLYGON ((30.1468672432089 -1.93977883631999, 30.1468257475081 -1.9397681639469, 30.1468081968017 -1.9398372461688, 30.1468496925028 -1.93984791854457, 30.1468672432089 -1.93977883631999))",K-G-N-BLDG-S1939808-E3014683
316,City of Kigali,Gasabo,Kimironko,Nyagatovu,Ibuhoro,-1.94421244,30.11592187,"POLYGON ((30.1159732359853 -1.94424078109132, 30.1159596052964 -1.94417111329052, 30.1158578890613 -1.94419125996274, 30.1158629612655 -1.94421718450884, 30.1158869192357 -1.94421243921678, 30.1158954777151 -1.94425618246711, 30.1159732359853 -1.94424078109132))",K-G-KI-BLDG-S1944212-E3011592
324,City of Kigali,Gasabo,Gisozi,Ruhango,Kanyinya,-1.92986189,30.05837943,"POLYGON ((30.0584087 -1.9298695, 30.0584213 -1.9298748, 30.0584341 -1.929844, 30.0583603 -1.9298131, 30.0583301 -1.929886, 30.0583912 -1.9299116, 30.0584087 -1.9298695))",K-G-GI-BLDG-S1929861-E3005837
336,City of Kigali,Gasabo,Bumbogo,Nyagasozi,Nyagasambu,-1.84310403,30.14951751,"POLYGON ((30.149539010347 -1.84312291203682, 30.1495336752395 -1.84308035215713, 30.149495989458 -1.84308513514246, 30.1495013245643 -1.84312769502085, 30.149539010347 -1.84312291203682))",K-G-B-BLDG-S1843104-E3014951
343,City of Kigali,Gasabo,Bumbogo,Ngara,Uwaruraza,-1.89156916,30.11669327,"POLYGON ((30.1167202959756 -1.89158180435469, 30.1167034164743 -1.89154097520049, 30.1166662344166 -1.89155653761942, 30.1166831139163 -1.89159736677245, 30.1167202959756 -1.89158180435469))",K-G-B-BLDG-S1891569-E3011669
369,City of Kigali,Gasabo,Bumbogo,Nyabikenke,Karama,-1.90610215,30.1606413,"POLYGON ((30.1607048647697 -1.9061192326546, 30.1606765528881 -1.90604625055143, 30.1605777280055 -1.90608506252186, 30.1606060398788 -1.90615804462103, 30.1607048647697 -1.9061192326546))",K-G-B-BLDG-S1906102-E3016064
393,City of Kigali,Gasabo,Kinyinya,Kagugu,Muhororo,-1.90281488,30.08797925,"POLYGON ((30.0880095005937 -1.90283989766504, 30.0879929956622 -1.90277797841895, 30.0879490030185 -1.90278985022702, 30.0879655079474 -1.90285176947115, 30.0880095005937 -1.90283989766504))",K-G-K-BLDG-S1902814-E3008797
398,City of Kigali,Gasabo,Kinyinya,Kagugu,Kabuhunde I,-1.91359737,30.08099335,"POLYGON ((30.080984727211 -1.91356922383441, 30.080964288418 -1.91359376565703, 30.0810019635735 -1.91362553049985, 30.081022402368 -1.913600988676, 30.080984727211 -1.91356922383441))",K-G-K-BLDG-S1913597-E3008099
413,City of Kigali,Gasabo,Kacyiru,Kamatamu,Urugwiro,-1.94159746,30.0852362,"POLYGON ((30.0853794022294 -1.94163674067045, 30.0852327247799 -1.9414519416347, 30.0851071114618 -1.94155287344312, 30.0851245140008 -1.94157479892151, 30.0851037916597 -1.94159144956718, 30.0851774660586 -1.94168427203145, 30.0851981884035 -1.94166762138507, 30.0852537888744 -1.9417376724829, 30.0853794022294 -1.94163674067045))",K-G-KA-BLDG-S1941597-E3008523
417,City of Kigali,Gasabo,Gatsata,Nyamabuye,Runyonza,-1.94011777,30.04092225,"POLYGON ((30.0409055693206 -1.94013572046104, 30.0409452459592 -1.94012606627822, 30.0409389408308 -1.94009983359364, 30.0408992641931 -1.94010948777712, 30.0409055693206 -1.94013572046104))",K-G-GA-BLDG-S1940117-E3004092
432,City of Kigali,Gasabo,Rusororo,Nyagahinga,Gisharara,-1.9737415,30.20923601,"POLYGON ((30.2092848795192 -1.97376579648058, 30.2092665781704 -1.97369608713243, 30.2091871391654 -1.97371719953784, 30.2092054405088 -1.97378690888236, 30.2092848795192 -1.97376579648058))",K-G-R-BLDG-S1973741-E3020923
433,City of Kigali,Gasabo,Kimironko,Bibare,Intashyo,-1.9462664,30.13549817,"POLYGON ((30.1355580999029 -1.94626079280163, 30.1354463793841 -1.94623553566484, 30.1354382302696 -1.9462720266388, 30.1355499507892 -1.9462972837794, 30.1355580999029 -1.94626079280163))",K-G-KI-BLDG-S1946266-E3013549
434,City of Kigali,Gasabo,Bumbogo,Musave,Kayumba,-1.92817501,30.16646539,"POLYGON ((30.1664940510387 -1.92815280071097, 30.1664395793608 -1.92814951904869, 30.1664367409113 -1.92819721631293, 30.1664912125904 -1.92820049797764, 30.1664940510387 -1.92815280071097))",K-G-B-BLDG-S1928175-E3016646
440,City of Kigali,Gasabo,Gisozi,Musezero,Rwinyana,-1.91472352,30.07270827,"POLYGON ((30.0727647121378 -1.91474732582966, 30.0727411457552 -1.91467157640982, 30.072651824029 -1.91469970923433, 30.0726753904036 -1.91477545865067, 30.0727647121378 -1.91474732582966))",K-G-GI-BLDG-S1914723-E3007270
442,City of Kigali,Gasabo,Gisozi,Musezero,Gasharu,-1.91727235,30.06647905,"POLYGON ((30.0665248873954 -1.91728408716672, 30.0665232252045 -1.91725535137196, 30.0664332295387 -1.91726062149274, 30.0664348917281 -1.91728935728496, 30.0665248873954 -1.91728408716672))",K-G-GI-BLDG-S1917272-E3006647
480,City of Kigali,Gasabo,Bumbogo,Musave,Kagarama,-1.90593097,30.17317159,"POLYGON ((30.1731998358356 -1.90595518977684, 30.1732060846949 -1.90591720826373, 30.173143347259 -1.9059067585988, 30.173137098399 -1.90594474010972, 30.1731998358356 -1.90595518977684))",K-G-B-BLDG-S1905930-E3017317
486,City of Kigali,Gasabo,Remera,Rukiri I,Ubumwe,-1.96206665,30.10415748,"POLYGON ((30.1041945835394 -1.96205917469328, 30.1041784526335 -1.96203497086062, 30.1041203901024 -1.96207414401704, 30.1041365210063 -1.96209834784969, 30.1041945835394 -1.96205917469328))",K-G-RE-BLDG-S1962066-E3010415
492,City of Kigali,Gasabo,Rusororo,Kabuga I,Amahoro,-1.97556071,30.22430182,"POLYGON ((30.2243083435677 -1.97558068512981, 30.224319492216 -1.9755494823002, 30.2242952956832 -1.97554073060378, 30.224284147035 -1.97557193343262, 30.2243083435677 -1.97558068512981))",K-G-R-BLDG-S1975560-E3022430
517,City of Kigali,Gasabo,Kacyiru,Kamatamu,Cyimana,-1.94010973,30.0909963,"POLYGON ((30.091068595406 -1.94012568040996, 30.0910560502337 -1.94010367354613, 30.0910380741562 -1.94011404746631, 30.0909986528958 -1.94004489430621, 30.0909342958697 -1.94008203448058, 30.0909862622935 -1.94017319450284, 30.091068595406 -1.94012568040996))",K-G-KA-BLDG-S1940109-E3009099
532,City of Kigali,Gasabo,Jali,Nyakabungo,Ruhihi,-1.88123714,30.03251058,"POLYGON ((30.032586268566 -1.88126141362945, 30.0325432241685 -1.88116427196136, 30.0324349036328 -1.88121286583614, 30.0324779480166 -1.88131000749944, 30.032586268566 -1.88126141362945))",K-G-JA-BLDG-S1881237-E3003251
545,City of Kigali,Gasabo,Bumbogo,Nyabikenke,Bushya,-1.90795702,30.16546097,"POLYGON ((30.1655015729022 -1.90797827903313, 30.1654926809582 -1.90792380298209, 30.1654203611103 -1.90793575371915, 30.1654292530509 -1.90799022976707, 30.1655015729022 -1.90797827903313))",K-G-B-BLDG-S1907957-E3016546
548,City of Kigali,Gasabo,Jabana,Kabuye,Amakawa,-1.89064717,30.05310773,"POLYGON ((30.053148182366 -1.89062820393719, 30.0530763389825 -1.89061526231098, 30.0530672871318 -1.89066613563194, 30.0531391305159 -1.89067907726282, 30.053148182366 -1.89062820393719))",K-G-J-BLDG-S1890647-E3005310
556,City of Kigali,Gasabo,Kinyinya,Gasharu,Agatare,-1.90499078,30.11599129,"POLYGON ((30.1160218120384 -1.9049843072608, 30.1160053911329 -1.90496278119184, 30.1159607563549 -1.90499725214929, 30.115977177259 -1.90501877821885, 30.1160218120384 -1.9049843072608))",K-G-K-BLDG-S1904990-E3011599
589,City of Kigali,Gasabo,Nduba,Gasanze,Nyakabungo,-1.88586714,30.09182438,"POLYGON ((30.0918632541903 -1.88591275279355, 30.0918397951455 -1.88580908354151, 30.0917855033427 -1.88582152158306, 30.0918089623822 -1.88592519083109, 30.0918632541903 -1.88591275279355))",K-G-ND-BLDG-S1885867-E3009182
627,City of Kigali,Gasabo,Jabana,Ngiryi,Nyakirehe,-1.84545122,30.07862522,"POLYGON ((30.0786615720247 -1.84548176953912, 30.0786602118197 -1.84541909647428, 30.0785888744546 -1.845420664013, 30.0785902346573 -1.8454833370741, 30.0786615720247 -1.84548176953912))",K-G-J-BLDG-S1845451-E3007862
634,City of Kigali,Gasabo,Gikomero,Gicaca,Ntaganzwa,-1.87693029,30.25684407,"POLYGON ((30.2568850734433 -1.87695109491695, 30.2568788396295 -1.8769001054072, 30.2568030596576 -1.87690948511386, 30.2568092934685 -1.87696047462071, 30.2568850734433 -1.87695109491695))",K-G-G-BLDG-S1876930-E3025684
639,City of Kigali,Gasabo,Bumbogo,Nkuzuzu,Akasedogo,-1.85763632,30.18379579,"POLYGON ((30.183841210729 -1.85762311158496, 30.1837957716192 -1.85758874681464, 30.1837503732295 -1.85764952227984, 30.1837958123361 -1.85768388705261, 30.183841210729 -1.85762311158496))",K-G-B-BLDG-S1857636-E3018379
651,City of Kigali,Gasabo,Nduba,Gasanze,Nyabitare,-1.88380874,30.11224972,"POLYGON ((30.1122407972221 -1.8838335515022, 30.1122759441782 -1.88380924538661, 30.1122586416538 -1.88378391510719, 30.1122234946991 -1.8838082212225, 30.1122407972221 -1.8838335515022))",K-G-ND-BLDG-S1883808-E3011224
653,City of Kigali,Gasabo,Gisozi,Musezero,Gasharu,-1.91611676,30.06718835,"POLYGON ((30.0672285465165 -1.91615610566351, 30.0672198529854 -1.91607008183195, 30.067148148625 -1.9160774179267, 30.0671568421509 -1.9161634417531, 30.0672285465165 -1.91615610566351))",K-G-GI-BLDG-S1916116-E3006718
659,City of Kigali,Gasabo,Nduba,Gatunga,Agasharu,-1.87513385,30.09043672,"POLYGON ((30.0905050410814 -1.87513080571638, 30.0904670237432 -1.87507216429254, 30.0903684130329 -1.8751368880929, 30.0904064303628 -1.8751955295157, 30.0905050410814 -1.87513080571638))",K-G-ND-BLDG-S1875133-E3009043
686,City of Kigali,Gasabo,Ndera,Rudashya,Kamahoro,-1.96449392,30.19818374,"POLYGON ((30.1981856961154 -1.96455835286558, 30.1981880193826 -1.96450537976348, 30.1982173949664 -1.96450668397067, 30.1982199142459 -1.96444924147026, 30.1981609133901 -1.96444662197273, 30.1981560708411 -1.96455703757083, 30.1981856961154 -1.96455835286558))",K-G-N-BLDG-S1964493-E3019818
692,City of Kigali,Gasabo,Jabana,Kabuye,Amakawa,-1.89005999,30.05130872,"POLYGON ((30.0513484095683 -1.89008950950293, 30.0513457945776 -1.89002721087648, 30.0512690227794 -1.89003047336132, 30.0512716377665 -1.89009277198387, 30.0513484095683 -1.89008950950293))",K-G-J-BLDG-S1890059-E3005130
710,City of Kigali,Gasabo,Kinyinya,Kagugu,Rukingu,-1.90962287,30.08324701,"POLYGON ((30.0832628391258 -1.90963321763755, 30.0832592679037 -1.90960844188009, 30.0832311739388 -1.90961254154341, 30.0832347451602 -1.90963731730019, 30.0832628391258 -1.90963321763755))",K-G-K-BLDG-S1909622-E3008324
720,City of Kigali,Gasabo,Jali,Agateko,Urunyinya,-1.89706807,30.04119274,"POLYGON ((30.0412429118387 -1.89707130227525, 30.0411944032137 -1.89701751058895, 30.0411425589462 -1.89706484273338, 30.0411910675666 -1.89711863442093, 30.0412429118387 -1.89707130227525))",K-G-JA-BLDG-S1897068-E3004119
721,City of Kigali,Gasabo,Bumbogo,Ngara,Munini,-1.89987253,30.14216175,"POLYGON ((30.1422037756544 -1.8998661266129, 30.1421885219123 -1.89983931388538, 30.1421197323822 -1.89987893328951, 30.1421349861217 -1.89990574601663, 30.1422037756544 -1.8998661266129))",K-G-B-BLDG-S1899872-E3014216
728,City of Kigali,Gasabo,Nduba,Gasanze,Kagarama,-1.88000783,30.09626066,"POLYGON ((30.0962742659138 -1.88005546171643, 30.0962816881084 -1.87996300779882, 30.0962470569281 -1.87996019308383, 30.0962396347322 -1.88005264699847, 30.0962742659138 -1.88005546171643))",K-G-ND-BLDG-S1880007-E3009626
751,City of Kigali,Gasabo,Gisozi,Musezero,Gasharu,-1.91768696,30.06652484,"POLYGON ((30.0665648838534 -1.9176620307669, 30.0665100641021 -1.91764196859595, 30.0664847871194 -1.91771189245777, 30.0665396068702 -1.91773195463274, 30.0665648838534 -1.9176620307669))",K-G-GI-BLDG-S1917686-E3006652
752,City of Kigali,Gasabo,Gatsata,Nyamugari,Amarembo,-1.9220499,30.04727705,"POLYGON ((30.047297 -1.9221321, 30.0473438 -1.9219984, 30.0472571 -1.9219677, 30.0472103 -1.9221014, 30.047297 -1.9221321))",K-G-GA-BLDG-S1922049-E3004727
762,City of Kigali,Gasabo,Gatsata,Nyamabuye,Kibaya,-1.93817108,30.04281961,"POLYGON ((30.0428540393985 -1.93815372342031, 30.0428083430593 -1.93813403373036, 30.0427851858929 -1.93818844118617, 30.0428308822314 -1.93820813087859, 30.0428540393985 -1.93815372342031))",K-G-GA-BLDG-S1938171-E3004281
769,City of Kigali,Gasabo,Jabana,Ngiryi,Uwanyange,-1.86531786,30.08700402,"POLYGON ((30.0870362148387 -1.86534840534977, 30.0870385179377 -1.86528997769924, 30.0869718274312 -1.86528731620357, 30.0869695243304 -1.86534574385051, 30.0870362148387 -1.86534840534977))",K-G-J-BLDG-S1865317-E3008700
776,City of Kigali,Gasabo,Kimihurura,Kamukina,Juru,-1.94989539,30.09779502,"POLYGON ((30.0978379556391 -1.9499009178855, 30.0977829220067 -1.94985356869731, 30.0977520772196 -1.94988986160819, 30.0978071108492 -1.94993721079774, 30.0978379556391 -1.9499009178855))",K-G-KIM-BLDG-S1949895-E3009779
798,City of Kigali,Gasabo,Nduba,Butare,Kigabiro,-1.86227284,30.12359034,"POLYGON ((30.1236230342728 -1.86229347599349, 30.1236187011155 -1.86224649756307, 30.1235576307813 -1.8622522005902, 30.1235619639364 -1.86229917901821, 30.1236230342728 -1.86229347599349))",K-G-ND-BLDG-S1862272-E3012359
805,City of Kigali,Gasabo,Rusororo,Gasagara,Agatare,-1.91207029,30.2416714,"POLYGON ((30.2417044313037 -1.91206192028669, 30.2416640176782 -1.9120368447443, 30.2416383784453 -1.91207867846318, 30.2416787920696 -1.9121037540069, 30.2417044313037 -1.91206192028669))",K-G-R-BLDG-S1912070-E3024167
822,City of Kigali,Gasabo,Ndera,Masoro,Matwari,-1.93313243,30.14209488,"POLYGON ((30.1419757690681 -1.93314510136397, 30.1419657951943 -1.93319437399901, 30.1420547410265 -1.93321260106683, 30.1420647148989 -1.93316332842738, 30.1420975317684 -1.93317005336407, 30.1420960700844 -1.93317727433444, 30.1422343958392 -1.93320562047991, 30.1422450556511 -1.93315034791855, 30.1422255464321 -1.93314635003033, 30.1422398649332 -1.93307210664762, 30.1421630146623 -1.93305635825969, 30.1421536206827 -1.93310276616594, 30.1420800267811 -1.93308768507719, 30.1420816613061 -1.93307961023888, 30.1419616439181 -1.93305501590201, 30.1419446975081 -1.93313873407991, 30.1419757690681 -1.93314510136397))",K-G-N-BLDG-S1933132-E3014209
841,City of Kigali,Gasabo,Kinyinya,Kagugu,Muhororo,-1.90096623,30.08836028,"POLYGON ((30.0884362749707 -1.90098962341861, 30.088404254317 -1.90092838489907, 30.0883955695847 -1.90093298229215, 30.088374296439 -1.90089229805358, 30.0882863764358 -1.90093883982059, 30.0883396702223 -1.90104076257542, 30.0884362749707 -1.90098962341861))",K-G-K-BLDG-S1900966-E3008836
860,City of Kigali,Gasabo,Gatsata,Nyamabuye,Juru,-1.92913528,30.04262305,"POLYGON ((30.0426368235188 -1.92914763436537, 30.0426357063455 -1.92912174696546, 30.0426092686225 -1.92912290199048, 30.0426103857953 -1.92914878938976, 30.0426368235188 -1.92914763436537))",K-G-GA-BLDG-S1929135-E3004262
861,City of Kigali,Gasabo,Bumbogo,Kinyaga,Rubungo,-1.9266577,30.14979472,"POLYGON ((30.1498181292163 -1.92667030729368, 30.1498187464138 -1.92664632821209, 30.1497713204247 -1.92664509242242, 30.1497707032265 -1.92666907150301, 30.1498181292163 -1.92667030729368))",K-G-B-BLDG-S1926657-E3014979
882,City of Kigali,Gasabo,Jabana,Kabuye,Buliza,-1.87820409,30.05850003,"POLYGON ((30.0585306417804 -1.87821981439045, 30.0585306942039 -1.87818849360154, 30.0584694204459 -1.87818838976998, 30.0584693680214 -1.8782197105571, 30.0585306417804 -1.87821981439045))",K-G-J-BLDG-S1878204-E3005850
887,City of Kigali,Gasabo,Kimihurura,Kamukina,Nyenyeri,-1.94925756,30.09291398,"POLYGON ((30.0929454082253 -1.94928728851306, 30.0929444265677 -1.9492268112297, 30.0928825396068 -1.94922782816149, 30.0928835212621 -1.94928830544146, 30.0929454082253 -1.94928728851306))",K-G-KIM-BLDG-S1949257-E3009291
890,City of Kigali,Gasabo,Kinyinya,Kagugu,Giheka,-1.90083676,30.07355437,"POLYGON ((30.0735979543915 -1.90087383128552, 30.0735448739666 -1.90078014074823, 30.0735107863068 -1.90079969249637, 30.0735638667281 -1.90089338303242, 30.0735979543915 -1.90087383128552))",K-G-K-BLDG-S1900836-E3007355
929,City of Kigali,Gasabo,Kimironko,Bibare,Intwari,-1.94618209,30.12874551,"POLYGON ((30.1287771652742 -1.94617878061663, 30.1287576852383 -1.94617234377728, 30.1287598634869 -1.94616567032001, 30.1287265741726 -1.9461546704448, 30.1287148105368 -1.94619071046004, 30.1287675798872 -1.94620814717566, 30.1287771652742 -1.94617878061663))",K-G-KI-BLDG-S1946182-E3012874
932,City of Kigali,Gasabo,Kimironko,Bibare,Inyange,-1.95033373,30.13411159,"POLYGON ((30.1341569745708 -1.95031958655082, 30.1341024070883 -1.95028681495783, 30.1340661899637 -1.95034786338369, 30.134120757444 -1.95038063497951, 30.1341569745708 -1.95031958655082))",K-G-KI-BLDG-S1950333-E3013411
955,City of Kigali,Gasabo,Jabana,Akamatamu,Nyacyonga,-1.86675024,30.08474685,"POLYGON ((30.0847756071383 -1.86676853733321, 30.0847664526087 -1.86672226606143, 30.0847180912549 -1.8667319530772, 30.0847272457825 -1.86677822434732, 30.0847756071383 -1.86676853733321))",K-G-J-BLDG-S1866750-E3008474
956,City of Kigali,Gasabo,Kinyinya,Gacuriro,Estate 2020,-1.92549907,30.09292677,"POLYGON ((30.092931676862 -1.92547382585204, 30.0929063994658 -1.92548355519169, 30.0929218912226 -1.92552430135831, 30.0929471686215 -1.92551457201861, 30.092931676862 -1.92547382585204))",K-G-K-BLDG-S1925499-E3009292
969,City of Kigali,Gasabo,Jabana,Bweramvura,Rugogwe,-1.8916909,30.04883944,"POLYGON ((30.0488479859057 -1.89171343837108, 30.0488544145419 -1.89167206693253, 30.0488309035318 -1.89166836827726, 30.0488244748953 -1.89170973971488, 30.0488479859057 -1.89171343837108))",K-G-J-BLDG-S1891690-E3004883
999,City of Kigali,Gasabo,Ndera,Kibenga,Rugazi,-1.95065369,30.17921408,"POLYGON ((30.1792792943934 -1.95063208148113, 30.1792407296621 -1.950617505279, 30.1792485640996 -1.95059652178645, 30.1791914695696 -1.95057494192943, 30.1791483210118 -1.95069050954281, 30.1792439802716 -1.95072666561185, 30.1792792943934 -1.95063208148113))",K-G-N-BLDG-S1950653-E3017921
1012,City of Kigali,Gasabo,Kimironko,Bibare,Inyange,-1.9558313,30.13073133,"POLYGON ((30.1307115928962 -1.95573651521318, 30.1306553302373 -1.95576994846791, 30.1307237698996 -1.95588654102117, 30.1307359027613 -1.95587933124902, 30.1307648661935 -1.95592867282181, 30.1308089960023 -1.95590244934124, 30.1307115928962 -1.95573651521318))",K-G-KI-BLDG-S1955831-E3013073
1014,City of Kigali,Gasabo,Kinyinya,Gasharu,Agatare,-1.90462452,30.11897613,"POLYGON ((30.1190053647766 -1.90461468438961, 30.1189798149195 -1.90459370858993, 30.1189468689778 -1.9046343360485, 30.1189724188336 -1.90465531184901, 30.1190053647766 -1.90461468438961))",K-G-K-BLDG-S1904624-E3011897
1020,City of Kigali,Gasabo,Kimironko,Bibare,Umwezi,-1.95226966,30.12627305,"POLYGON ((30.1263176328505 -1.95230594622341, 30.126260985494 -1.95221369395971, 30.126228293144 -1.95223401621609, 30.1262857778759 -1.95232574794594, 30.1263176328505 -1.95230594622341))",K-G-KI-BLDG-S1952269-E3012627
1032,City of Kigali,Gasabo,Gisozi,Musezero,Gasave,-1.92197855,30.07253138,"POLYGON ((30.0725528522156 -1.92199744032295, 30.0725465671583 -1.92195425857649, 30.0725099013526 -1.92195966125563, 30.0725161864086 -1.92200284300082, 30.0725528522156 -1.92199744032295))",K-G-GI-BLDG-S1921978-E3007253
1076,City of Kigali,Gasabo,Bumbogo,Musave,Kayumba,-1.92789192,30.16292311,"POLYGON ((30.1629628262521 -1.92785778734615, 30.1628862496305 -1.92785467481016, 30.1628833837279 -1.92792605513571, 30.1629599603523 -1.92792916767661, 30.1629628262521 -1.92785778734615))",K-G-B-BLDG-S1927891-E3016292
1109,City of Kigali,Gasabo,Jabana,Ngiryi,Rubona,-1.84424526,30.06161701,"POLYGON ((30.0616384062525 -1.8442697801912, 30.0616347140072 -1.84421791350119, 30.0615955986891 -1.84422073270912, 30.0615992909329 -1.84427259939714, 30.0616384062525 -1.8442697801912))",K-G-J-BLDG-S1844245-E3006161
1170,City of Kigali,Gasabo,Ndera,Cyaruzinge,Mulindi,-1.97158728,30.18244987,"POLYGON ((30.1824660244669 -1.97160527518895, 30.1824633324998 -1.97156716723055, 30.182433746284 -1.97156928294211, 30.1824364382504 -1.97160739089986, 30.1824660244669 -1.97160527518895))",K-G-N-BLDG-S1971587-E3018244
1177,City of Kigali,Gasabo,Bumbogo,Ngara,Gisasa,-1.90169139,30.13040401,"POLYGON ((30.1304415857934 -1.90171143176155, 30.1304358358142 -1.90166300316301, 30.1303664300222 -1.90167134591579, 30.1303721799988 -1.90171977451151, 30.1304415857934 -1.90171143176155))",K-G-B-BLDG-S1901691-E3013040
1188,City of Kigali,Gasabo,Bumbogo,Kinyaga,Rubungo,-1.92747852,30.14723795,"POLYGON ((30.1472586302822 -1.92748325565906, 30.1472425129031 -1.92745766523547, 30.1472172616874 -1.92747376558434, 30.1472333790652 -1.92749935600789, 30.1472586302822 -1.92748325565906))",K-G-B-BLDG-S1927478-E3014723
1196,City of Kigali,Gasabo,Nduba,Gatunga,Rebero,-1.8709537,30.10294162,"POLYGON ((30.1029616345109 -1.87092095047556, 30.1029048393627 -1.87093307106871, 30.1029140193156 -1.87097662152936, 30.1029443851499 -1.87097014119002, 30.1029485243083 -1.87098977770143, 30.1029749536249 -1.87098413744942, 30.1029616345109 -1.87092095047556))",K-G-ND-BLDG-S1870953-E3010294
1208,City of Kigali,Gasabo,Ndera,Rudashya,Ruhangare,-1.95141302,30.20403839,"POLYGON ((30.2040745155427 -1.95141599139058, 30.2040630839037 -1.95138632655514, 30.2040022784685 -1.95141004753161, 30.2040137101053 -1.9514397123657, 30.2040745155427 -1.95141599139058))",K-G-N-BLDG-S1951413-E3020403
1216,City of Kigali,Gasabo,Rusororo,Mbandazi,Rugarama,-1.91932913,30.22589073,"POLYGON ((30.2259316901705 -1.91933869609587, 30.2259123159852 -1.91929281902527, 30.2258497781406 -1.9193195559172, 30.2258691523222 -1.91936543298659, 30.2259316901705 -1.91933869609587))",K-G-R-BLDG-S1919329-E3022589
1256,City of Kigali,Gasabo,Bumbogo,Nyabikenke,Kayenzi,-1.91499934,30.13170313,"POLYGON ((30.131734121209 -1.91494554595707, 30.1316438743335 -1.91497052044132, 30.1316643601899 -1.91504546366529, 30.1317194766042 -1.91503021101985, 30.1317250594185 -1.91505063457769, 30.1317601898875 -1.91504091274373, 30.131734121209 -1.91494554595707))",K-G-B-BLDG-S1914999-E3013170
1275,City of Kigali,Gasabo,Kinyinya,Kagugu,Gicikiza,-1.90593452,30.08491095,"POLYGON ((30.0849373142595 -1.90592360951295, 30.0848912674396 -1.90591377669248, 30.084884594208 -1.90594541438689, 30.0849306410283 -1.90595524720832, 30.0849373142595 -1.90592360951295))",K-G-K-BLDG-S1905934-E3008491
1279,City of Kigali,Gasabo,Bumbogo,Kinyaga,Rubungo,-1.92614923,30.15053702,"POLYGON ((30.1505968 -1.9262047, 30.1505931 -1.92609, 30.1504773 -1.9260937, 30.1504809 -1.9262085, 30.1505968 -1.9262047))",K-G-B-BLDG-S1926149-E3015053
1295,City of Kigali,Gasabo,Nduba,Gasanze,Uruhetse,-1.88730985,30.10373568,"POLYGON ((30.1037480147517 -1.88733012452901, 30.1037448994611 -1.88728795892208, 30.1037233696299 -1.88728956933571, 30.1037264849194 -1.88733173494214, 30.1037480147517 -1.88733012452901))",K-G-ND-BLDG-S1887309-E3010373
1323,City of Kigali,Gasabo,Nduba,Butare,Kigabiro,-1.86091062,30.12225857,"POLYGON ((30.1222759020434 -1.86092385146045, 30.12227563446 -1.86089705348586, 30.1222412781025 -1.86089740080942, 30.1222415456854 -1.86092419878327, 30.1222759020434 -1.86092385146045))",K-G-ND-BLDG-S1860910-E3012225
1339,City of Kigali,Gasabo,Kinyinya,Kagugu,Giheka,-1.89726662,30.06974296,"POLYGON ((30.0697921606262 -1.89726810278116, 30.0697399006375 -1.897217182802, 30.0696937501153 -1.89726513508051, 30.0697460100999 -1.89731605506133, 30.0697921606262 -1.89726810278116))",K-G-K-BLDG-S1897266-E3006974
1347,City of Kigali,Gasabo,Ndera,Cyaruzinge,Gisura,-1.94456537,30.19607067,"POLYGON ((30.1961076595318 -1.94457962192247, 30.1960871149178 -1.9445291270325, 30.1960336910125 -1.94455113162673, 30.1960542356233 -1.94460162651534, 30.1961076595318 -1.94457962192247))",K-G-N-BLDG-S1944565-E3019607
1349,City of Kigali,Gasabo,Kinyinya,Kagugu,Kadobogo,-1.91339559,30.07625064,"POLYGON ((30.0762826127966 -1.91340081076627, 30.0762469012917 -1.91336321890387, 30.0762186749068 -1.91339036534234, 30.07625438641 -1.91342795720567, 30.0762826127966 -1.91340081076627))",K-G-K-BLDG-S1913395-E3007625
1360,City of Kigali,Gasabo,Ndera,Rudashya,Nyakagezi,-1.96445727,30.19183242,"POLYGON ((30.1918557395001 -1.9644544904653, 30.1918270683819 -1.96443426907756, 30.1918090966575 -1.96446006435267, 30.1918377677751 -1.96448028574099, 30.1918557395001 -1.9644544904653))",K-G-N-BLDG-S1964457-E3019183
1365,City of Kigali,Gasabo,Kinyinya,Kagugu,Muhororo,-1.90039544,30.08993153,"POLYGON ((30.0899677888902 -1.90037789027689, 30.0899099774308 -1.90036127158771, 30.0898952888257 -1.9004130021998, 30.0899531002851 -1.90042962089215, 30.0899677888902 -1.90037789027689))",K-G-K-BLDG-S1900395-E3008993
1371,City of Kigali,Gasabo,Gatsata,Nyamabuye,Uwagatovu,-1.93358667,30.04381432,"POLYGON ((30.0438250102944 -1.93360140086643, 30.0438287982415 -1.93357568498186, 30.0438036247266 -1.93357193111248, 30.0437998367794 -1.93359764699645, 30.0438250102944 -1.93360140086643))",K-G-GA-BLDG-S1933586-E3004381
1396,City of Kigali,Gasabo,Rusororo,Kabuga Ii,Gatare,-1.96614828,30.22820752,"POLYGON ((30.2282100334461 -1.96619891291148, 30.2282312292532 -1.96610353223444, 30.228205012066 -1.96609763441562, 30.2281838162584 -1.96619301509023, 30.2282100334461 -1.96619891291148))",K-G-R-BLDG-S1966148-E3022820
1423,City of Kigali,Gasabo,Jali,Nkusi,Agatwa,-1.85296959,30.00823777,"POLYGON ((30.0082731 -1.8530223, 30.0082667 -1.852913, 30.0082024 -1.8529169, 30.0082089 -1.8530262, 30.0082731 -1.8530223))",K-G-JA-BLDG-S1852969-E3000823
1428,City of Kigali,Gasabo,Gatsata,Karuruma,Nyagasozi,-1.90856137,30.03645316,"POLYGON ((30.0365148 -1.90857, 30.0365073 -1.9085019, 30.0364226 -1.9085113, 30.0364249 -1.9085318, 30.0363801 -1.9085368, 30.0363861 -1.9085911, 30.0364795 -1.9086284, 30.0365148 -1.90857))",K-G-GA-BLDG-S1908561-E3003645
1438,City of Kigali,Gasabo,Ndera,Bwiza,Mukagarama,-1.94272081,30.21382269,"POLYGON ((30.213840624601 -1.94273439205939, 30.2138406690531 -1.94270728273128, 30.2138047443315 -1.94270722309719, 30.2138046998788 -1.94273433242447, 30.213840624601 -1.94273439205939))",K-G-N-BLDG-S1942720-E3021382
1465,City of Kigali,Gasabo,Gisozi,Ruhango,Kumukenke,-1.93002152,30.0599974,"POLYGON ((30.0600320493236 -1.93002278055801, 30.0600068502087 -1.9299879656314, 30.0599627612689 -1.93002027170543, 30.0599879603812 -1.93005508663222, 30.0600320493236 -1.93002278055801))",K-G-GI-BLDG-S1930021-E3005999
1548,City of Kigali,Gasabo,Kimironko,Bibare,Inyange,-1.95424576,30.1299433,"POLYGON ((30.1299836265641 -1.95425267129971, 30.1299635707456 -1.95421002222226, 30.1299029903929 -1.95423886151796, 30.1299230462082 -1.95428151059438, 30.1299836265641 -1.95425267129971))",K-G-KI-BLDG-S1954245-E3012994
1560,City of Kigali,Gasabo,Gisozi,Ruhango,Kanyinya,-1.92887501,30.05133192,"POLYGON ((30.0513644991298 -1.9288966467819, 30.0513447126313 -1.92883790479891, 30.0512993290429 -1.928853380649, 30.0513191155385 -1.92891212263031, 30.0513644991298 -1.9288966467819))",K-G-GI-BLDG-S1928875-E3005133
1563,City of Kigali,Gasabo,Gisozi,Ruhango,Rukeri,-1.92637705,30.05704999,"POLYGON ((30.057067221783 -1.92638940428427, 30.0570653831989 -1.92636244728574, 30.0570327536331 -1.92636470027879, 30.0570345922164 -1.92639165727652, 30.057067221783 -1.92638940428427))",K-G-GI-BLDG-S1926377-E3005704
1578,City of Kigali,Gasabo,Gisozi,Ruhango,Ntora,-1.9156688,30.05535025,"POLYGON ((30.0554060107105 -1.91569934760663, 30.0553925809358 -1.9156211799895, 30.055294488243 -1.91563824162452, 30.0553079180111 -1.91571640923563, 30.0554060107105 -1.91569934760663))",K-G-GI-BLDG-S1915668-E3005535
1583,City of Kigali,Gasabo,Bumbogo,Kinyaga,Zindiro,-1.92960328,30.14272087,"POLYGON ((30.1427692 -1.9295327, 30.1426584 -1.9295399, 30.1426605 -1.9295724, 30.1426655 -1.9296508, 30.1426992 -1.9296486, 30.1427012 -1.92968, 30.1427783 -1.929675, 30.1427692 -1.9295327))",K-G-B-BLDG-S1929603-E3014272
1608,City of Kigali,Gasabo,Kinyinya,Kagugu,Dusenyi,-1.89794885,30.08574293,"POLYGON ((30.0857681267317 -1.8979523477467, 30.0857571698048 -1.89792771997096, 30.0857177376971 -1.89794537226463, 30.0857286946227 -1.89797000003985, 30.0857681267317 -1.8979523477467))",K-G-K-BLDG-S1897948-E3008574
1610,City of Kigali,Gasabo,Kimironko,Bibare,Imitari,-1.9392822,30.13231675,"POLYGON ((30.1323452445669 -1.93936946887992, 30.1323418230437 -1.93928187222176, 30.1323745077461 -1.93928057979268, 30.1323716475759 -1.93920735482935, 30.1322708076591 -1.93921134227829, 30.1322770893421 -1.93937216388845, 30.1323452445669 -1.93936946887992))",K-G-KI-BLDG-S1939282-E3013231
1624,City of Kigali,Gasabo,Bumbogo,Musave,Kayumba,-1.92953612,30.16045347,"POLYGON ((30.1604695119586 -1.92954414768658, 30.1604600175414 -1.92951934126846, 30.1604374339809 -1.9295280917439, 30.1604469283974 -1.92955289816178, 30.1604695119586 -1.92954414768658))",K-G-B-BLDG-S1929536-E3016045
1685,City of Kigali,Gasabo,Nduba,Gatunga,Agasharu,-1.87498229,30.08916185,"POLYGON ((30.0892011581851 -1.87497979004694, 30.0891564254539 -1.87494302944517, 30.0891225396232 -1.87498477629839, 30.089167272352 -1.87502153690165, 30.0892011581851 -1.87497979004694))",K-G-ND-BLDG-S1874982-E3008916
1690,City of Kigali,Gasabo,Jabana,Kabuye,Kabeza,-1.88691157,30.06099958,"POLYGON ((30.0610218431304 -1.88690329685256, 30.0609898533415 -1.88688977834216, 30.0609773078768 -1.8869198339882, 30.0610092976652 -1.88693335249945, 30.0610218431304 -1.88690329685256))",K-G-J-BLDG-S1886911-E3006099
1691,City of Kigali,Gasabo,Rusororo,Ruhanga,Rugende,-1.94687653,30.24322484,"POLYGON ((30.2432378673783 -1.94689914728743, 30.2432379408408 -1.94685396394634, 30.2432118227361 -1.9468539209578, 30.2432117492728 -1.9468991042979, 30.2432378673783 -1.94689914728743))",K-G-R-BLDG-S1946876-E3024322
1706,City of Kigali,Gasabo,Bumbogo,Nyabikenke,Masizi,-1.92073816,30.13683181,"POLYGON ((30.1368340886764 -1.92077008414551, 30.1368508197055 -1.92071249331439, 30.1368295162254 -1.92070622776212, 30.1368127851962 -1.92076381859234, 30.1368340886764 -1.92077008414551))",K-G-B-BLDG-S1920738-E3013683
1717,City of Kigali,Gasabo,Rusororo,Kabuga I,Masango,-1.97820865,30.22328477,"POLYGON ((30.2233202727508 -1.97819306474558, 30.2232703711394 -1.97817221902587, 30.2232492373675 -1.97822442985189, 30.2232992772331 -1.97824493401682, 30.2233202727508 -1.97819306474558))",K-G-R-BLDG-S1978208-E3022328
1730,City of Kigali,Gasabo,Gisozi,Musezero,Amarembo,-1.92469107,30.0673578,"POLYGON ((30.0674207470833 -1.92469118639337, 30.0673887545126 -1.92463591866322, 30.0672948495146 -1.92469094919183, 30.0673268420782 -1.92474621692126, 30.0674207470833 -1.92469118639337))",K-G-GI-BLDG-S1924691-E3006735
1736,City of Kigali,Gasabo,Ndera,Rudashya,Kamahoro,-1.96477143,30.19687511,"POLYGON ((30.1968947670291 -1.96479192527723, 30.1968822373465 -1.96474384862853, 30.1968554540018 -1.96475091485089, 30.196867983683 -1.96479899149864, 30.1968947670291 -1.96479192527723))",K-G-N-BLDG-S1964771-E3019687
1739,City of Kigali,Gasabo,Rusororo,Nyagahinga,Kanyinya,-1.97144455,30.19816469,"POLYGON ((30.1982153918046 -1.971458714637, 30.1981771473544 -1.97139310431903, 30.1981139712898 -1.97143038311717, 30.1981522157352 -1.97149599343244, 30.1982153918046 -1.971458714637))",K-G-R-BLDG-S1971444-E3019816
1751,City of Kigali,Gasabo,Bumbogo,Nyabikenke,Karama,-1.90840887,30.161594,"POLYGON ((30.1616147487476 -1.90844089720467, 30.161602890921 -1.90837170671479, 30.1615732543716 -1.90837684871672, 30.1615851121964 -1.90844603920508, 30.1616147487476 -1.90844089720467))",K-G-B-BLDG-S1908408-E3016159
1760,City of Kigali,Gasabo,Kimihurura,Kimihurura,Amajyambere,-1.95442296,30.08411091,"POLYGON ((30.0840504880768 -1.95469190827737, 30.0841191709374 -1.95455647447609, 30.0840724007316 -1.95453246335433, 30.0842396825611 -1.95420260475492, 30.0841774975416 -1.95417067992203, 30.0840876600583 -1.95434782810853, 30.084112746554 -1.95436070713539, 30.08400437455 -1.95457440291673, 30.0840414730715 -1.95459344874418, 30.084003717873 -1.95466789714849, 30.0840504880768 -1.95469190827737))",K-G-KIM-BLDG-S1954422-E3008411
1764,City of Kigali,Gasabo,Kimironko,Bibare,Umwezi,-1.9520242,30.12576948,"POLYGON ((30.1257809894402 -1.95204149068527, 30.1257799495448 -1.9520062609407, 30.1257579513329 -1.9520069182819, 30.1257589912278 -1.9520421480259, 30.1257809894402 -1.95204149068527))",K-G-KI-BLDG-S1952024-E3012576
1768,City of Kigali,Gasabo,Ndera,Masoro,Masoro,-1.9486916,30.14094141,"POLYGON ((30.1409451719128 -1.94867503753819, 30.1409257236437 -1.94868533556869, 30.1409376617356 -1.94870815930524, 30.1409571100054 -1.94869786127479, 30.1409451719128 -1.94867503753819))",K-G-N-BLDG-S1948691-E3014094
1772,City of Kigali,Gasabo,Rusororo,Nyagahinga,Kanyinya,-1.97235903,30.20011137,"POLYGON ((30.2001307019093 -1.97236790113349, 30.2001250972937 -1.97234268601788, 30.2000920169894 -1.97235012934232, 30.2000976216044 -1.97237534445737, 30.2001307019093 -1.97236790113349))",K-G-R-BLDG-S1972359-E3020011
1797,City of Kigali,Gasabo,Rusororo,Kabuga I,Masango,-1.97855729,30.22471603,"POLYGON ((30.2247535 -1.978623, 30.2247648 -1.9784995, 30.2246785 -1.9784916, 30.2246673 -1.9786151, 30.2247535 -1.978623))",K-G-R-BLDG-S1978557-E3022471
1894,City of Kigali,Gasabo,Bumbogo,Kinyaga,Zindiro,-1.92678817,30.14284136,"POLYGON ((30.1428571207676 -1.92680072308154, 30.1428483886063 -1.92676921663594, 30.142825590706 -1.92677561330085, 30.1428343228666 -1.92680711974602, 30.1428571207676 -1.92680072308154))",K-G-B-BLDG-S1926788-E3014284
1895,City of Kigali,Gasabo,Rusororo,Mbandazi,Samuduha,-1.8991396,30.21586875,"POLYGON ((30.2158934595378 -1.89912809873417, 30.2158706434655 -1.89911225996131, 30.2158440247336 -1.89915108011786, 30.2158668408053 -1.89916691889112, 30.2158934595378 -1.89912809873417))",K-G-R-BLDG-S1899139-E3021586
1901,City of Kigali,Gasabo,Nduba,Gasanze,Nyabitare,-1.88866339,30.1108478,"POLYGON ((30.1108657574571 -1.88867983379979, 30.1108687821027 -1.88865103329382, 30.1108299158409 -1.88864690088728, 30.1108267592912 -1.88867568736791, 30.1108657574571 -1.88867983379979))",K-G-ND-BLDG-S1888663-E3011084
1923,City of Kigali,Gasabo,Rusororo,Kabuga Ii,Ruhangare,-1.9609161,30.21954361,"POLYGON ((30.2195890282808 -1.96094540962497, 30.2195570940103 -1.96086353606229, 30.2194981977699 -1.96088679123162, 30.2195301320346 -1.96096866479187, 30.2195890282808 -1.96094540962497))",K-G-R-BLDG-S1960916-E3021954
1948,City of Kigali,Gasabo,Gisozi,Musezero,Gasharu,-1.90778621,30.06830396,"POLYGON ((30.0683166844051 -1.90781830925784, 30.0683330989202 -1.90776780485894, 30.0682911922893 -1.90775409932686, 30.0682748674698 -1.90780463305843, 30.0683166844051 -1.90781830925784))",K-G-GI-BLDG-S1907786-E3006830
1961,City of Kigali,Gasabo,Jabana,Ngiryi,Agahama,-1.85120593,30.06876817,"POLYGON ((30.0687824671797 -1.85122577536315, 30.0687817319803 -1.85118555247881, 30.0687538686 -1.85118606811179, 30.0687546037988 -1.85122629099514, 30.0687824671797 -1.85122577536315))",K-G-J-BLDG-S1851205-E3006876
1963,City of Kigali,Gasabo,Kimihurura,Kamukina,Nyenyeri,-1.9515313,30.09509448,"POLYGON ((30.0951306847235 -1.95153081084244, 30.0950967146468 -1.95149492950994, 30.0950582675991 -1.95153177755798, 30.0950922376734 -1.95156765889117, 30.0951306847235 -1.95153081084244))",K-G-KIM-BLDG-S1951531-E3009509
1982,City of Kigali,Gasabo,Ndera,Mukuyu,Kigabiro,-1.87982473,30.18553149,"POLYGON ((30.1855628807583 -1.87984760216375, 30.1855329897375 -1.87978575733688, 30.1855000959651 -1.87980185309554, 30.1855299869832 -1.87986369792151, 30.1855628807583 -1.87984760216375))",K-G-N-BLDG-S1879824-E3018553
1983,City of Kigali,Gasabo,Ndera,Kibenga,Nezerwa,-1.95766068,30.1663062,"POLYGON ((30.1663618 -1.9577377, 30.1663415 -1.9575723, 30.1662506 -1.9575836, 30.1662709 -1.9577491, 30.1663618 -1.9577377))",K-G-N-BLDG-S1957660-E3016630
2020,City of Kigali,Gasabo,Rusororo,Bisenga,Gakenyeri,-1.91859735,30.27166856,"POLYGON ((30.2716852861231 -1.91852211765062, 30.27159593553 -1.91856527424252, 30.271640475553 -1.9186586300752, 30.2716682330462 -1.91864522313031, 30.2716785306857 -1.9186668069689, 30.2717401237976 -1.9186370573256, 30.2716852861231 -1.91852211765062))",K-G-R-BLDG-S1918597-E3027166
2033,City of Kigali,Gasabo,Kinyinya,Gacuriro,Estate 2020,-1.93141259,30.08948819,"POLYGON ((30.0895760547474 -1.93145535777816, 30.089575406461 -1.93136851099334, 30.089400326481 -1.9313698340636, 30.0894009747583 -1.93145668083484, 30.0895760547474 -1.93145535777816))",K-G-K-BLDG-S1931412-E3008948
2045,City of Kigali,Gasabo,Kinyinya,Gasharu,Agatare,-1.90981316,30.11359318,"POLYGON ((30.1136113948831 -1.90984049864102, 30.1136047786121 -1.90978240116517, 30.1135749501645 -1.9097858401628, 30.1135815664342 -1.90984393763726, 30.1136113948831 -1.90984049864102))",K-G-K-BLDG-S1909813-E3011359
2054,City of Kigali,Gasabo,Gisozi,Musezero,Gasharu,-1.90784768,30.06638149,"POLYGON ((30.0664164697175 -1.90786496682844, 30.0664098304833 -1.90782075915875, 30.0663465001302 -1.90783038809753, 30.0663531393621 -1.9078745957649, 30.0664164697175 -1.90786496682844))",K-G-GI-BLDG-S1907847-E3006638
2069,City of Kigali,Gasabo,Jali,Buhiza,Gatare,-1.8638116,30.02314593,"POLYGON ((30.0231910382471 -1.86381306024884, 30.0231585024933 -1.86376798283283, 30.023100821418 -1.8638101334188, 30.0231333571677 -1.86385521083481, 30.0231910382471 -1.86381306024884))",K-G-JA-BLDG-S1863811-E3002314
2082,City of Kigali,Gasabo,Nduba,Butare,Nyamurambi,-1.86102224,30.13460091,"POLYGON ((30.1346346025754 -1.8610108641922, 30.1345861145987 -1.86098973872757, 30.1345672308057 -1.86103362076765, 30.1346157187818 -1.86105474623436, 30.1346346025754 -1.8610108641922))",K-G-ND-BLDG-S1861022-E3013460
2083,City of Kigali,Gasabo,Nduba,Muremure,Kibungo,-1.88336103,30.11704923,"POLYGON ((30.1170597907783 -1.88333601550727, 30.1170343120644 -1.88333838312399, 30.1170386866549 -1.88338604402552, 30.1170641653697 -1.88338367640978, 30.1170597907783 -1.88333601550727))",K-G-ND-BLDG-S1883361-E3011704
2099,City of Kigali,Gasabo,Rusororo,Nyagahinga,Kabutare,-1.97913801,30.2122251,"POLYGON ((30.2122426776968 -1.97918279480155, 30.2122590882399 -1.97910411057981, 30.2122075195587 -1.9790932230274, 30.2121911090167 -1.97917190724616, 30.2122426776968 -1.97918279480155))",K-G-R-BLDG-S1979138-E3021222
2102,City of Kigali,Gasabo,Jabana,Kabuye,Amasangano,-1.88276767,30.06301392,"POLYGON ((30.0630772623531 -1.88274727044253, 30.0629935354247 -1.88270396563632, 30.062950567811 -1.88278807205638, 30.0630342947359 -1.88283137686922, 30.0630772623531 -1.88274727044253))",K-G-J-BLDG-S1882767-E3006301
2103,City of Kigali,Gasabo,Jabana,Kabuye,Ihuriro,-1.89703858,30.0576678,"POLYGON ((30.0576970065048 -1.89703882911403, 30.0576538778673 -1.89701273842368, 30.0576385988762 -1.89703830817441, 30.0576817275129 -1.89706439886575, 30.0576970065048 -1.89703882911403))",K-G-J-BLDG-S1897038-E3005766
2126,City of Kigali,Gasabo,Rutunga,Kabaliza,Nyamise,-1.83105474,30.17399496,"POLYGON ((30.1740417785548 -1.83104960354243, 30.1740043734705 -1.83100830866607, 30.1739481361947 -1.83105988415791, 30.1739855412751 -1.83110117903508, 30.1740417785548 -1.83104960354243))",K-G-RU-BLDG-S1831054-E3017399
2141,City of Kigali,Gasabo,Kimironko,Bibare,Intashyo,-1.94749106,30.1328123,"POLYGON ((30.1327994452957 -1.94761246681099, 30.1327963388691 -1.94745105073491, 30.1328913528838 -1.94744919963599, 30.1328932421605 -1.94754736976016, 30.1328510968044 -1.94754819084921, 30.1328523139623 -1.94761143681133, 30.1329618807313 -1.94760930220061, 30.1329574431695 -1.94737871923806, 30.1326732965282 -1.94738425510549, 30.132677734049 -1.94761483801123, 30.1327994452957 -1.94761246681099))",K-G-KI-BLDG-S1947491-E3013281
2144,City of Kigali,Gasabo,Ndera,Bwiza,Mukagarama,-1.95298971,30.21437517,"POLYGON ((30.2144216726023 -1.95296633036018, 30.2143436187825 -1.95294815091272, 30.214328680407 -1.95301308003642, 30.2144067342277 -1.95303125948874, 30.2144216726023 -1.95296633036018))",K-G-N-BLDG-S1952989-E3021437
2187,City of Kigali,Gasabo,Jabana,Akamatamu,Murehe,-1.87184443,30.07555445,"POLYGON ((30.0755685623898 -1.87185509925931, 30.0755681187634 -1.87183318892867, 30.0755403517279 -1.87183375812544, 30.0755407953539 -1.87185566845548, 30.0755685623898 -1.87185509925931))",K-G-J-BLDG-S1871844-E3007555
2198,City of Kigali,Gasabo,Ndera,Mukuyu,Akimana,-1.90897926,30.19633143,"POLYGON ((30.1963503098733 -1.90900517995833, 30.1963402092829 -1.90894835964026, 30.1963125702596 -1.90895333370451, 30.1963226708491 -1.90901015402138, 30.1963503098733 -1.90900517995833))",K-G-N-BLDG-S1908979-E3019633
2213,City of Kigali,Gasabo,Rusororo,Kabuga Ii,Nyagakombe,-1.95599731,30.21695227,"POLYGON ((30.2170114942489 -1.95602140873845, 30.2169844498339 -1.95594178046357, 30.2168930374412 -1.95597320989745, 30.2169200818485 -1.95605283816809, 30.2170114942489 -1.95602140873845))",K-G-R-BLDG-S1955997-E3021695
2229,City of Kigali,Gasabo,Rusororo,Ruhanga,Kinyaga,-1.93076353,30.24844595,"POLYGON ((30.2484810631331 -1.93076375240583, 30.2484599085366 -1.93073111862599, 30.2484108377794 -1.93076332148709, 30.2484319923739 -1.93079595526655, 30.2484810631331 -1.93076375240583))",K-G-R-BLDG-S1930763-E3024844
2237,City of Kigali,Gasabo,Gisozi,Musezero,Byimana,-1.91612652,30.07169041,"POLYGON ((30.0717241210414 -1.91608591621097, 30.0716968249999 -1.91609255464372, 30.071692112997 -1.91607293994719, 30.0716412395706 -1.91608531242977, 30.0716639682651 -1.91617992539059, 30.071742137739 -1.91616091448037, 30.0717241210414 -1.91608591621097))",K-G-GI-BLDG-S1916126-E3007169
2248,City of Kigali,Gasabo,Kimironko,Kibagabaga,Gasharu,-1.93172928,30.10834068,"POLYGON ((30.1083291233423 -1.93178927703215, 30.1083357993644 -1.93181107298598, 30.1084287715825 -1.93178224402797, 30.1083852861317 -1.93164027228312, 30.1082923139281 -1.93166910124929, 30.1082938655401 -1.93167416696895, 30.1082495152943 -1.93168791915913, 30.108284773091 -1.93180302921886, 30.1083291233423 -1.93178927703215))",K-G-KI-BLDG-S1931729-E3010834
2261,City of Kigali,Gasabo,Nduba,Shango,Mirambi,-1.83123685,30.13047009,"POLYGON ((30.1305123980959 -1.83125824905008, 30.1304977466324 -1.83119817912464, 30.1304277808792 -1.83121545714537, 30.1304424323387 -1.83127552706793, 30.1305123980959 -1.83125824905008))",K-G-ND-BLDG-S1831236-E3013047
2265,City of Kigali,Gasabo,Kinyinya,Kagugu,Rukingu,-1.90874401,30.07999586,"POLYGON ((30.0800450352024 -1.90872814436805, 30.0799792737489 -1.90869479628436, 30.0799466819949 -1.90875986225414, 30.0800124434462 -1.90879321034207, 30.0800450352024 -1.90872814436805))",K-G-K-BLDG-S1908744-E3007999
2310,City of Kigali,Gasabo,Gisozi,Ruhango,Umurava,-1.92187014,30.05342517,"POLYGON ((30.0534394100264 -1.92188388023617, 30.0534344686381 -1.92185262146457, 30.0534109180993 -1.92185639038424, 30.0534158594868 -1.92188764915524, 30.0534394100264 -1.92188388023617))",K-G-GI-BLDG-S1921870-E3005342
2315,City of Kigali,Gasabo,Bumbogo,Kinyaga,Rubungo,-1.92442112,30.14701312,"POLYGON ((30.1470208314137 -1.9244622872066, 30.1470437434827 -1.92439275333276, 30.1470053963396 -1.92437996133152, 30.1469824842707 -1.92444949520256, 30.1470208314137 -1.9244622872066))",K-G-B-BLDG-S1924421-E3014701
2346,City of Kigali,Gasabo,Rusororo,Kabuga I,Amahoro,-1.97512121,30.22342655,"POLYGON ((30.223432738784 -1.9750895619564, 30.2234026263252 -1.97509973197817, 30.2234203495252 -1.97515285437239, 30.2234504619862 -1.97514268435211, 30.223432738784 -1.9750895619564))",K-G-R-BLDG-S1975121-E3022342
2350,City of Kigali,Gasabo,Nduba,Shango,Munini,-1.83901635,30.13067486,"POLYGON ((30.1307066732122 -1.83902386064493, 30.1306962950439 -1.83899153960779, 30.1306430521616 -1.8390088488364, 30.130653430328 -1.83904116987215, 30.1307066732122 -1.83902386064493))",K-G-ND-BLDG-S1839016-E3013067
2357,City of Kigali,Gasabo,Kinyinya,Kagugu,Muhororo,-1.90098378,30.08711414,"POLYGON ((30.0871171887597 -1.90104658788827, 30.0871205721512 -1.90101378783826, 30.0871375541319 -1.90101556127477, 30.087146002178 -1.90093366223598, 30.0870967166983 -1.90092851533256, 30.0870848852585 -1.90104321441655, 30.0871171887597 -1.90104658788827))",K-G-K-BLDG-S1900983-E3008711
2383,City of Kigali,Gasabo,Ndera,Bwiza,Gasharu,-1.95415431,30.21690821,"POLYGON ((30.2169266802289 -1.95414254705875, 30.2168882860936 -1.95414524570168, 30.2168897333663 -1.95416609023234, 30.2169281275022 -1.9541633915902, 30.2169266802289 -1.95414254705875))",K-G-N-BLDG-S1954154-E3021690
2423,City of Kigali,Gasabo,Nduba,Gasanze,Gatagara,-1.8800982,30.10178529,"POLYGON ((30.1018371145873 -1.88008511934535, 30.1018016653255 -1.88004701670364, 30.101733451493 -1.88011126842614, 30.10176890075 -1.88014937106922, 30.1018371145873 -1.88008511934535))",K-G-ND-BLDG-S1880098-E3010178
2468,City of Kigali,Gasabo,Rusororo,Gasagara,Rugagi,-1.91811791,30.24007048,"POLYGON ((30.2401130076926 -1.91810023075269, 30.2400647139995 -1.91807198134345, 30.2400279554051 -1.91813559945741, 30.2400762490963 -1.91816384886954, 30.2401130076926 -1.91810023075269))",K-G-R-BLDG-S1918117-E3024007
2472,City of Kigali,Gasabo,Remera,Nyabisindu,Nyabisindu,-1.94032499,30.10948242,"POLYGON ((30.1095240426523 -1.9403132096737, 30.1094953210753 -1.94028346667017, 30.1094407915151 -1.94033677374105, 30.1094695130896 -1.9403665167452, 30.1095240426523 -1.9403132096737))",K-G-RE-BLDG-S1940324-E3010948
2483,City of Kigali,Gasabo,Ndera,Cyaruzinge,Gashure,-1.93378281,30.19124997,"POLYGON ((30.1912647860599 -1.93379312634136, 30.1912606615775 -1.93376822089945, 30.1912351655347 -1.93377249535474, 30.1912392900166 -1.93379740079611, 30.1912647860599 -1.93379312634136))",K-G-N-BLDG-S1933782-E3019124
2484,City of Kigali,Gasabo,Bumbogo,Mvuzo,Nkona,-1.892721,30.13629453,"POLYGON ((30.1363150122742 -1.8927147995449, 30.1362848962029 -1.892701789293, 30.1362740514292 -1.89272720410733, 30.1363041675001 -1.8927402143599, 30.1363150122742 -1.8927147995449))",K-G-B-BLDG-S1892721-E3013629
2507,City of Kigali,Gasabo,Kinyinya,Kagugu,Rukingu,-1.90821417,30.08209511,"POLYGON ((30.0821268356148 -1.90820171647544, 30.0821052520979 -1.90818145978314, 30.0820633834522 -1.90822662338137, 30.0820849669674 -1.90824688007423, 30.0821268356148 -1.90820171647544))",K-G-K-BLDG-S1908214-E3008209
2514,City of Kigali,Gasabo,Bumbogo,Nkuzuzu,Akasedogo,-1.86101824,30.18177351,"POLYGON ((30.1817847721898 -1.86102912072697, 30.1817838825163 -1.86100647412607, 30.1817622375483 -1.86100733502956, 30.1817631272216 -1.86102998163004, 30.1817847721898 -1.86102912072697))",K-G-B-BLDG-S1861018-E3018177
2526,City of Kigali,Gasabo,Kimironko,Kibagabaga,Gasharu,-1.93010132,30.10717046,"POLYGON ((30.1072502882147 -1.93015216858553, 30.1072235196835 -1.93005429261869, 30.1072299921333 -1.93005250056108, 30.1072250561269 -1.93003445264038, 30.1071827869012 -1.9300461559189, 30.1071773803853 -1.93002638763457, 30.1070886967431 -1.93005094188627, 30.107115380633 -1.93014850840108, 30.1071346564077 -1.93014317143089, 30.1071450835554 -1.93018129707704, 30.1072502882147 -1.93015216858553))",K-G-KI-BLDG-S1930101-E3010717
2528,City of Kigali,Gasabo,Jabana,Kabuye,Kabeza,-1.88604446,30.06124537,"POLYGON ((30.0612837 -1.8860243, 30.0612274 -1.8860049, 30.061207 -1.8860646, 30.0612634 -1.886084, 30.0612837 -1.8860243))",K-G-J-BLDG-S1886044-E3006124
2537,City of Kigali,Gasabo,Kimironko,Kibagabaga,Rugero,-1.93270597,30.11520041,"POLYGON ((30.1153776696847 -1.93262406883425, 30.1152641646765 -1.93252049055562, 30.1150231425641 -1.93278787519842, 30.1151366475271 -1.93289145349788, 30.1153776696847 -1.93262406883425))",K-G-KI-BLDG-S1932705-E3011520
2539,City of Kigali,Gasabo,Jabana,Ngiryi,Agasharu,-1.85362045,30.07780731,"POLYGON ((30.0778500130246 -1.85365346815034, 30.0778429274717 -1.85359932927131, 30.077823074393 -1.85360195993872, 30.0778194600887 -1.85357434397706, 30.0777691773394 -1.85358100678131, 30.0777798771924 -1.85366276161758, 30.0778500130246 -1.85365346815034))",K-G-J-BLDG-S1853620-E3007780
2540,City of Kigali,Gasabo,Remera,Nyarutarama,Gishushu,-1.95200973,30.10563665,"POLYGON ((30.1056502847095 -1.95206702316876, 30.1056889277703 -1.95197254583536, 30.1056481794822 -1.95195567344964, 30.1056407912332 -1.95197373677461, 30.1056148756154 -1.95196300605815, 30.1055836208051 -1.95203942006067, 30.1056502847095 -1.95206702316876))",K-G-RE-BLDG-S1952009-E3010563
2553,City of Kigali,Gasabo,Nduba,Gasura,Uruhahiro,-1.84106528,30.11422803,"POLYGON ((30.114279499272 -1.84108970869663, 30.1142593434083 -1.84101746894921, 30.1141765581266 -1.84104085506241, 30.1141967139842 -1.84111309480586, 30.114279499272 -1.84108970869663))",K-G-ND-BLDG-S1841065-E3011422
2562,City of Kigali,Gasabo,Jabana,Ngiryi,Uwanyange,-1.86136502,30.08557192,"POLYGON ((30.085602928978 -1.86137905653042, 30.0855822331434 -1.86133240850512, 30.0855409066096 -1.86135097151121, 30.0855616024419 -1.86139761953546, 30.085602928978 -1.86137905653042))",K-G-J-BLDG-S1861365-E3008557
2575,City of Kigali,Gasabo,Jali,Nkusi,Agatwa,-1.84708702,29.99543428,"POLYGON ((29.9954501353768 -1.84706798065268, 29.9954097220142 -1.84706905374558, 29.9954277138795 -1.84710942042061, 29.9954512058257 -1.8471087966414, 29.9954501353768 -1.84706798065268))",K-G-JA-BLDG-S1847087-E2999543
2586,City of Kigali,Gasabo,Jabana,Akamatamu,Nyarukurazo,-1.87086568,30.08337679,"POLYGON ((30.0833709925759 -1.87091396462302, 30.0834139705501 -1.87083460197414, 30.0833825848033 -1.87081739410478, 30.0833396068304 -1.87089675675132, 30.0833709925759 -1.87091396462302))",K-G-J-BLDG-S1870865-E3008337
2617,City of Kigali,Gasabo,Nduba,Gasanze,Nyarubande,-1.87754842,30.0925023,"POLYGON ((30.0925530798038 -1.87754423785118, 30.0924920799355 -1.87749819769861, 30.0924515193453 -1.87755260509135, 30.0925125192103 -1.8775986452468, 30.0925530798038 -1.87754423785118))",K-G-ND-BLDG-S1877548-E3009250
2662,City of Kigali,Gasabo,Jabana,Bweramvura,Gitega,-1.8723747,30.04938457,"POLYGON ((30.0494081503942 -1.8724096398446, 30.0493977358749 -1.87233460134696, 30.0493610086774 -1.87233976202876, 30.0493714231945 -1.87241480052423, 30.0494081503942 -1.8724096398446))",K-G-J-BLDG-S1872374-E3004938
2668,City of Kigali,Gasabo,Nduba,Shango,Rugarama,-1.85186378,30.13495998,"POLYGON ((30.1349802684979 -1.85189645491266, 30.1349921067457 -1.85184284108549, 30.1349396813704 -1.85183112111512, 30.1349278431219 -1.85188473493917, 30.1349802684979 -1.85189645491266))",K-G-ND-BLDG-S1851863-E3013495
2694,City of Kigali,Gasabo,Bumbogo,Kinyaga,Akakaza,-1.93026326,30.15249934,"POLYGON ((30.1525438263396 -1.93022340183608, 30.1524755158941 -1.9302083308557, 30.1524548577312 -1.93030312288192, 30.1525231681778 -1.93031819386851, 30.1525438263396 -1.93022340183608))",K-G-B-BLDG-S1930263-E3015249
2712,City of Kigali,Gasabo,Bumbogo,Kinyaga,Zindiro,-1.92604454,30.14093881,"POLYGON ((30.1409434268541 -1.9260610196719, 30.1409549629174 -1.92603917869256, 30.1409341837491 -1.92602806776118, 30.140922647686 -1.92604990874016, 30.1409434268541 -1.9260610196719))",K-G-B-BLDG-S1926044-E3014093
2722,City of Kigali,Gasabo,Jabana,Kabuye,Tetero,-1.89848002,30.05076855,"POLYGON ((30.0508055737128 -1.89849158488184, 30.0507875807687 -1.89844604925138, 30.050731521216 -1.89846847523107, 30.0507495141564 -1.8985140108604, 30.0508055737128 -1.89849158488184))",K-G-J-BLDG-S1898480-E3005076
2729,City of Kigali,Gasabo,Kinyinya,Kagugu,Giheka,-1.9008773,30.06706355,"POLYGON ((30.0670581815424 -1.90092943841501, 30.0671017353254 -1.90084164513351, 30.0670689386209 -1.90082517320348, 30.0670253848369 -1.9009129664812, 30.0670581815424 -1.90092943841501))",K-G-K-BLDG-S1900877-E3006706
2774,City of Kigali,Gasabo,Remera,Nyabisindu,Amarembo I,-1.94868629,30.10964341,"POLYGON ((30.1097501025972 -1.94865935875317, 30.1096092275766 -1.94859112636405, 30.1095904700945 -1.94863033150125, 30.1095664954392 -1.94861871944823, 30.1095398173098 -1.94867447957285, 30.1095637919645 -1.94868609162757, 30.1095483953862 -1.94871827210696, 30.1096892703999 -1.94878650451301, 30.1097501025972 -1.94865935875317))",K-G-RE-BLDG-S1948686-E3010964
2781,City of Kigali,Gasabo,Kimironko,Nyagatovu,Isangano,-1.94665453,30.12329723,"POLYGON ((30.1233496942546 -1.94664814634603, 30.1232680484461 -1.94661022788538, 30.1232446436169 -1.94666058412454, 30.1233263510021 -1.94669902910192, 30.1233496942546 -1.94664814634603))",K-G-KI-BLDG-S1946654-E3012329
2786,City of Kigali,Gasabo,Kacyiru,Kamatamu,Kamuhire,-1.94570559,30.08673184,"POLYGON ((30.0867433 -1.9457292, 30.0867717 -1.9457266, 30.0867673 -1.9456778, 30.086692 -1.9456845, 30.0866964 -1.9457334, 30.0867433 -1.9457292))",K-G-KA-BLDG-S1945705-E3008673
2791,City of Kigali,Gasabo,Rusororo,Nyagahinga,Kabutare,-1.97572601,30.21379954,"POLYGON ((30.2138468097052 -1.97568130076475, 30.2137569439216 -1.97567676339362, 30.2137522574048 -1.97577072500089, 30.213842123193 -1.97577526237941, 30.2138468097052 -1.97568130076475))",K-G-R-BLDG-S1975726-E3021379
2805,City of Kigali,Gasabo,Jabana,Ngiryi,Uwanyange,-1.85410877,30.09380762,"POLYGON ((30.0938316690661 -1.85409089109048, 30.0938005626125 -1.85407953142062, 30.0937835621571 -1.85412666371405, 30.0938146686105 -1.85413802338538, 30.0938316690661 -1.85409089109048))",K-G-J-BLDG-S1854108-E3009380
2813,City of Kigali,Gasabo,Bumbogo,Ngara,Ruhinga,-1.8886436,30.12520267,"POLYGON ((30.1252149906079 -1.88865247697063, 30.1252120771177 -1.88863165861521, 30.125190338626 -1.88863473862774, 30.1251932521158 -1.88865555698284, 30.1252149906079 -1.88865247697063))",K-G-B-BLDG-S1888643-E3012520
2840,City of Kigali,Gasabo,Jabana,Kabuye,Nyagasozi,-1.89210291,30.058728,"POLYGON ((30.0587084 -1.8921713, 30.0587615 -1.8921764, 30.0587749 -1.8920372, 30.0586945 -1.8920294, 30.0586811 -1.8921686, 30.0587084 -1.8921713))",K-G-J-BLDG-S1892102-E3005872
2870,City of Kigali,Gasabo,Kinyinya,Gacuriro,Estate 2020,-1.92833215,30.09402389,"POLYGON ((30.0940499169132 -1.92833935063635, 30.094040759898 -1.92831094768412, 30.0939978534565 -1.92832495156946, 30.0940070104702 -1.92835335452105, 30.0940499169132 -1.92833935063635))",K-G-K-BLDG-S1928332-E3009402
2941,City of Kigali,Gasabo,Gisozi,Ruhango,Rukeri,-1.92069218,30.05273098,"POLYGON ((30.0527682926467 -1.92068194924514, 30.0526973220483 -1.92067303021991, 30.0526936760511 -1.92070240108534, 30.0527646466511 -1.92071132011274, 30.0527682926467 -1.92068194924514))",K-G-GI-BLDG-S1920692-E3005273
2949,City of Kigali,Gasabo,Bumbogo,Nyabikenke,Kigara,-1.88089515,30.15929751,"POLYGON ((30.1593288811119 -1.8809313466719, 30.1593289981192 -1.8808590584808, 30.1592661350662 -1.88085895546652, 30.1592660180563 -1.88093124365366, 30.1593288811119 -1.8809313466719))",K-G-B-BLDG-S1880895-E3015929
2950,City of Kigali,Gasabo,Nduba,Shango,Kamuhoza,-1.8402119,30.13401368,"POLYGON ((30.1340482744689 -1.84022506485651, 30.1340032091757 -1.84017620326343, 30.1339790850813 -1.8401987303875, 30.1340241503719 -1.84024759198046, 30.1340482744689 -1.84022506485651))",K-G-ND-BLDG-S1840211-E3013401
2955,City of Kigali,Gasabo,Nduba,Butare,Nyamurambi,-1.86125163,30.13441397,"POLYGON ((30.134452234991 -1.86123640370541, 30.1344016907665 -1.86121211673281, 30.1343757164508 -1.86126684503041, 30.1344262606742 -1.8612911320056, 30.134452234991 -1.86123640370541))",K-G-ND-BLDG-S1861251-E3013441
2980,City of Kigali,Gasabo,Gikomero,Murambi,Kivugiza,-1.87063316,30.19400372,"POLYGON ((30.1939988295248 -1.87060856242087, 30.1939799166718 -1.87062570612436, 30.1940086029112 -1.87065774601607, 30.1940275157646 -1.87064060231188, 30.1939988295248 -1.87060856242087))",K-G-G-BLDG-S1870633-E3019400
3015,City of Kigali,Gasabo,Gatsata,Nyamugari,Bwiza,-1.92295853,30.04139343,"POLYGON ((30.041432049899 -1.92297864346331, 30.0414079646811 -1.92291729309052, 30.0413548079193 -1.92293841972347, 30.0413788931328 -1.92299977009427, 30.041432049899 -1.92297864346331))",K-G-GA-BLDG-S1922958-E3004139
3020,City of Kigali,Gasabo,Jali,Nyakabungo,Karenge,-1.88613779,30.03365584,"POLYGON ((30.0337263288465 -1.8861525440192, 30.0336862992907 -1.88607214544797, 30.0335853461278 -1.88612303276456, 30.0336253756728 -1.88620343133239, 30.0337263288465 -1.8861525440192))",K-G-JA-BLDG-S1886137-E3003365
3080,City of Kigali,Gasabo,Gikomero,Munini,Rudakabukirwa,-1.890726,30.21806137,"POLYGON ((30.2180951676895 -1.89071417122911, 30.2180350977804 -1.89070153853272, 30.218027561287 -1.89073782001755, 30.2180876311968 -1.8907504527141, 30.2180951676895 -1.89071417122911))",K-G-G-BLDG-S1890726-E3021806
3084,City of Kigali,Gasabo,Ndera,Mukuyu,Ruseno,-1.8809268,30.17170327,"POLYGON ((30.1717368443872 -1.88091367686453, 30.1716875151139 -1.88089419650242, 30.1716696788076 -1.88093992347063, 30.1717190080805 -1.88095940383492, 30.1717368443872 -1.88091367686453))",K-G-N-BLDG-S1880926-E3017170
3089,City of Kigali,Gasabo,Rusororo,Mbandazi,Mugeyo,-1.92720159,30.22698911,"POLYGON ((30.2270196363175 -1.92722747736245, 30.227024833781 -1.92718364907966, 30.22695858259 -1.92717569542241, 30.2269533851257 -1.92721952370251, 30.2270196363175 -1.92722747736245))",K-G-R-BLDG-S1927201-E3022698
3096,City of Kigali,Gasabo,Nduba,Gasanze,Nyakabungo,-1.88432887,30.09462328,"POLYGON ((30.0946380656411 -1.88428440586055, 30.0946066828039 -1.8842850525935, 30.0946084800145 -1.88437334552142, 30.0946398628537 -1.88437269879143, 30.0946380656411 -1.88428440586055))",K-G-ND-BLDG-S1884328-E3009462
3146,City of Kigali,Gasabo,Ndera,Kibenga,Rugazi,-1.93876015,30.17554954,"POLYGON ((30.1755795880525 -1.93879499160088, 30.175561744226 -1.93871567916691, 30.175519480988 -1.93872530503083, 30.1755373248113 -1.93880461746245, 30.1755795880525 -1.93879499160088))",K-G-N-BLDG-S1938760-E3017554
3208,City of Kigali,Gasabo,Gikomero,Murambi,Rugarama,-1.8967091,30.21291899,"POLYGON ((30.2128875 -1.8967208, 30.2129473 -1.8967273, 30.2129505 -1.8966974, 30.2128907 -1.8966909, 30.2128875 -1.8967208))",K-G-G-BLDG-S1896709-E3021291
3260,City of Kigali,Gasabo,Jali,Muko,Gahinga,-1.87520057,30.00994044,"POLYGON ((30.009961047874 -1.87518514222669, 30.0099182968827 -1.87517704519578, 30.0099293659457 -1.87522184081142, 30.0099533332583 -1.8752263802155, 30.009961047874 -1.87518514222669))",K-G-JA-BLDG-S1875200-E3000994
3261,City of Kigali,Gasabo,Gatsata,Nyamugari,Akisoko,-1.91873135,30.04814941,"POLYGON ((30.0482405114371 -1.91867776842233, 30.0481231270443 -1.91862852314757, 30.0480583099245 -1.91878493727852, 30.048175694312 -1.91883418257215, 30.0482405114371 -1.91867776842233))",K-G-GA-BLDG-S1918731-E3004814
3264,City of Kigali,Gasabo,Nduba,Gasanze,Uruhetse,-1.88542206,30.10653453,"POLYGON ((30.1065578824185 -1.88544029686768, 30.1065525328981 -1.88539847599646, 30.1065111798201 -1.8854038313382, 30.1065165293393 -1.88544565220792, 30.1065578824185 -1.88544029686768))",K-G-ND-BLDG-S1885422-E3010653
3273,City of Kigali,Gasabo,Bumbogo,Mvuzo,Kiyoro,-1.87838465,30.13739973,"POLYGON ((30.137416719212 -1.87842920220093, 30.1374391377439 -1.87835809884717, 30.1373827349713 -1.87834009444937, 30.1373603164396 -1.87841119779896, 30.137416719212 -1.87842920220093))",K-G-B-BLDG-S1878384-E3013739
3287,City of Kigali,Gasabo,Jabana,Kabuye,Nyagasozi,-1.8936511,30.05645745,"POLYGON ((30.0564494 -1.8936983, 30.0565028 -1.8936657, 30.0564655 -1.8936039, 30.0564121 -1.8936365, 30.0564494 -1.8936983))",K-G-J-BLDG-S1893651-E3005645
3293,City of Kigali,Gasabo,Kimihurura,Kimihurura,Rugarama,-1.9601154,30.08281931,"POLYGON ((30.0828580115802 -1.96010461944244, 30.0828124542591 -1.96007559489467, 30.0827806145483 -1.96012618677754, 30.0828261718678 -1.96015521132738, 30.0828580115802 -1.96010461944244))",K-G-KIM-BLDG-S1960115-E3008281
3298,City of Kigali,Gasabo,Bumbogo,Ngara,Birembo,-1.90589572,30.13914217,"POLYGON ((30.1391579812801 -1.90592092501309, 30.1391629846555 -1.90587442778052, 30.1391262677428 -1.90587055918332, 30.1391214268297 -1.90591707353192, 30.1391579812801 -1.90592092501309))",K-G-B-BLDG-S1905895-E3013914
3306,City of Kigali,Gasabo,Jali,Nyakabungo,Gitaba,-1.89446321,30.04176959,"POLYGON ((30.0418037730533 -1.89444983269479, 30.0417671367795 -1.89442638787852, 30.0417354133924 -1.89447657554033, 30.0417720496659 -1.89450002035821, 30.0418037730533 -1.89444983269479))",K-G-JA-BLDG-S1894463-E3004176
3322,City of Kigali,Gasabo,Remera,Nyabisindu,Amarembo I,-1.9476181,30.10991885,"POLYGON ((30.1099747985054 -1.9476194438254, 30.1098846706051 -1.9475735089292, 30.1098628946206 -1.94761676229172, 30.1099530225176 -1.94766269719091, 30.1099747985054 -1.9476194438254))",K-G-RE-BLDG-S1947618-E3010991
3324,City of Kigali,Gasabo,Gatsata,Nyamabuye,Runyonza,-1.94037034,30.04124351,"POLYGON ((30.0412583084512 -1.94038066845528, 30.041254186839 -1.94035576592576, 30.0412286936773 -1.94036003738965, 30.0412328152889 -1.94038493991859, 30.0412583084512 -1.94038066845528))",K-G-GA-BLDG-S1940370-E3004124
3329,City of Kigali,Gasabo,Bumbogo,Ngara,Ruhinga,-1.89986554,30.13773085,"POLYGON ((30.1377503394402 -1.89987736319736, 30.1377395326015 -1.89984437416789, 30.1377113473542 -1.89985372179112, 30.1377221541917 -1.89988671082009, 30.1377503394402 -1.89987736319736))",K-G-B-BLDG-S1899865-E3013773
3334,City of Kigali,Gasabo,Kimironko,Kibagabaga,Karongi,-1.9383078,30.11507407,"POLYGON ((30.1150569 -1.9383386, 30.115119 -1.9383518, 30.1151328 -1.9382858, 30.1150292 -1.9382638, 30.1150153 -1.9383298, 30.1150569 -1.9383386))",K-G-KI-BLDG-S1938307-E3011507
3349,City of Kigali,Gasabo,Nduba,Gatunga,Agasharu,-1.87363605,30.09165508,"POLYGON ((30.0916831119226 -1.87363646341712, 30.0916653229324 -1.8736097989455, 30.0916270597191 -1.87363564315433, 30.0916448487078 -1.87366230762583, 30.0916831119226 -1.87363646341712))",K-G-ND-BLDG-S1873636-E3009165
3356,City of Kigali,Gasabo,Remera,Nyabisindu,Amarembo Il,-1.94279799,30.11310435,"POLYGON ((30.1131171146922 -1.94281948010623, 30.1131284303182 -1.94279163188591, 30.1130915887211 -1.94277647717411, 30.1130802730951 -1.94280432539332, 30.1131171146922 -1.94281948010623))",K-G-RE-BLDG-S1942797-E3011310
3359,City of Kigali,Gasabo,Ndera,Masoro,Kabeza,-1.9473345,30.15279538,"POLYGON ((30.1528238811914 -1.94732542909428, 30.1527775914103 -1.94731033500405, 30.1527668914289 -1.94734355403135, 30.1528131812099 -1.94735864812295, 30.1528238811914 -1.94732542909428))",K-G-N-BLDG-S1947334-E3015279
3365,City of Kigali,Gasabo,Kacyiru,Kamatamu,Karukamba,-1.94125635,30.07869213,"POLYGON ((30.0787513602367 -1.94123148010245, 30.0786675944391 -1.94119668529852, 30.0786329093146 -1.94128121793933, 30.0787166751106 -1.94131601275022, 30.0787513602367 -1.94123148010245))",K-G-KA-BLDG-S1941256-E3007869
3385,City of Kigali,Gasabo,Nduba,Gasanze,Uruhetse,-1.8807911,30.1049932,"POLYGON ((30.1050433209021 -1.8807573251775, 30.1049523694779 -1.8807464163089, 30.1049430731514 -1.880824885803, 30.1050340245781 -1.8808357946783, 30.1050433209021 -1.8807573251775))",K-G-ND-BLDG-S1880791-E3010499
3401,City of Kigali,Gasabo,Gatsata,Karuruma,Nyagasozi,-1.90718172,30.04325212,"POLYGON ((30.043227217566 -1.90712747310566, 30.043194878668 -1.90716581001543, 30.0432770240808 -1.90723596167617, 30.0433093629831 -1.90719762476469, 30.043227217566 -1.90712747310566))",K-G-GA-BLDG-S1907181-E3004325
3403,City of Kigali,Gasabo,Rusororo,Kinyana,Kigabiro,-1.90177536,30.2503614,"POLYGON ((30.2503875025732 -1.90176358426059, 30.250338888562 -1.90175760525957, 30.2503352988105 -1.90178715450381, 30.2503839128222 -1.90179313350623, 30.2503875025732 -1.90176358426059))",K-G-R-BLDG-S1901775-E3025036
3407,City of Kigali,Gasabo,Nduba,Gasanze,Nyakabungo,-1.8859957,30.09454603,"POLYGON ((30.0945830388198 -1.8860261002459, 30.0945809828658 -1.8859629352922, 30.0945090309044 -1.8859653063229, 30.0945110868555 -1.88602847127264, 30.0945830388198 -1.8860261002459))",K-G-ND-BLDG-S1885995-E3009454
3418,City of Kigali,Gasabo,Gisozi,Musezero,Amarembo,-1.92570347,30.06566587,"POLYGON ((30.0656897375366 -1.92570859945447, 30.0656756810269 -1.92568098336494, 30.0656420004414 -1.92569833865599, 30.0656560569496 -1.92572595474527, 30.0656897375366 -1.92570859945447))",K-G-GI-BLDG-S1925703-E3006566
3446,City of Kigali,Gasabo,Ndera,Cyaruzinge,Gisura,-1.94242211,30.19225159,"POLYGON ((30.1923056110473 -1.94245099247846, 30.1922710830073 -1.94236376213682, 30.1921975631956 -1.94239322242843, 30.192232091228 -1.94248045276676, 30.1923056110473 -1.94245099247846))",K-G-N-BLDG-S1942422-E3019225
3455,City of Kigali,Gasabo,Rutunga,Kabaliza,Rwanyanza,-1.83675422,30.17220379,"POLYGON ((30.1722255928091 -1.83674145278813, 30.1721921197193 -1.83673171359655, 30.1721819866681 -1.83676697462288, 30.1722154597579 -1.83677671381556, 30.1722255928091 -1.83674145278813))",K-G-RU-BLDG-S1836754-E3017220
3457,City of Kigali,Gasabo,Nduba,Gatunga,Rebero,-1.86957971,30.09888333,"POLYGON ((30.0989224412125 -1.86960225218587, 30.0988891541536 -1.86953474791619, 30.0988442331191 -1.8695571743118, 30.098877520174 -1.86962467858007, 30.0989224412125 -1.86960225218587))",K-G-ND-BLDG-S1869579-E3009888
3458,City of Kigali,Gasabo,Kacyiru,Kamatamu,Kamuhire,-1.94640201,30.08819783,"POLYGON ((30.0882216858364 -1.94642809512231, 30.0882196657931 -1.94637419565411, 30.0881739637936 -1.94637592960871, 30.0881759838352 -1.94642982907475, 30.0882216858364 -1.94642809512231))",K-G-KA-BLDG-S1946402-E3008819
3510,City of Kigali,Gasabo,Kinyinya,Gasharu,Agatare,-1.90722545,30.12292787,"POLYGON ((30.1229712723937 -1.90721872634482, 30.1229142606656 -1.90718344119377, 30.1228844683749 -1.90723217412862, 30.122941480101 -1.90726745928222, 30.1229712723937 -1.90721872634482))",K-G-K-BLDG-S1907225-E3012292
3514,City of Kigali,Gasabo,Ndera,Kibenga,Rugazi,-1.93833539,30.17614873,"POLYGON ((30.1761650471983 -1.93836321850778, 30.1761603527865 -1.93830526090463, 30.1761324304553 -1.93830755046957, 30.1761371248659 -1.93836550807132, 30.1761650471983 -1.93836321850778))",K-G-N-BLDG-S1938335-E3017614
3528,City of Kigali,Gasabo,Gikomero,Munini,Runyinya,-1.88511911,30.21734507,"POLYGON ((30.2174299 -1.8850686, 30.2173227 -1.8850225, 30.2172602 -1.8851696, 30.2173675 -1.8852157, 30.2174299 -1.8850686))",K-G-G-BLDG-S1885119-E3021734
3534,City of Kigali,Gasabo,Gisozi,Ruhango,Kanyinya,-1.93002213,30.05797822,"POLYGON ((30.0580066473474 -1.93001115780446, 30.0579535498073 -1.93000415518845, 30.057949775999 -1.93003312385894, 30.0580028735398 -1.93004012647643, 30.0580066473474 -1.93001115780446))",K-G-GI-BLDG-S1930022-E3005797
3539,City of Kigali,Gasabo,Gisozi,Ruhango,Ntora,-1.91900236,30.0563814,"POLYGON ((30.05644622792 -1.91905394439047, 30.056438346074 -1.91896312461995, 30.0564084406538 -1.9189658798226, 30.0564057512486 -1.91893632740345, 30.056321580022 -1.91894408214318, 30.0563325312433 -1.91906441931424, 30.05644622792 -1.91905394439047))",K-G-GI-BLDG-S1919002-E3005638
3552,City of Kigali,Gasabo,Nduba,Gasanze,Gatagara,-1.88214162,30.09899746,"POLYGON ((30.0990282647933 -1.88214259322602, 30.0990137272788 -1.88211529903159, 30.0989666619652 -1.8821406783552, 30.0989811994782 -1.88216797254916, 30.0990282647933 -1.88214259322602))",K-G-ND-BLDG-S1882141-E3009899
3554,City of Kigali,Gasabo,Ndera,Mukuyu,Karambo,-1.90650106,30.1792102,"POLYGON ((30.1792429565983 -1.90650031164597, 30.1792248412461 -1.90647156365133, 30.1791774404223 -1.90650180296614, 30.1791955557727 -1.9065305509604, 30.1792429565983 -1.90650031164597))",K-G-N-BLDG-S1906501-E3017921
3568,City of Kigali,Gasabo,Kinyinya,Gasharu,Kami,-1.89514059,30.11224783,"POLYGON ((30.1122429961614 -1.89510607631126, 30.1122194235757 -1.89512063917635, 30.1122526567533 -1.89517510009028, 30.1122762293409 -1.89516053722544, 30.1122429961614 -1.89510607631126))",K-G-K-BLDG-S1895140-E3011224
3574,City of Kigali,Gasabo,Jabana,Akamatamu,Nyarukurazo,-1.87057703,30.08380541,"POLYGON ((30.0838363442376 -1.87056699167185, 30.0837972528835 -1.87054537333508, 30.0837744822894 -1.87058706006349, 30.0838135736422 -1.87060867840151, 30.0838363442376 -1.87056699167185))",K-G-J-BLDG-S1870577-E3008380
3589,City of Kigali,Gasabo,Ndera,Rudashya,Ruhogo,-1.95098508,30.20083354,"POLYGON ((30.2008856721305 -1.95099779270825, 30.2008846402836 -1.95096865061383, 30.2007814107683 -1.95097235078617, 30.2007824426132 -1.95100149287811, 30.2008856721305 -1.95099779270825))",K-G-N-BLDG-S1950985-E3020083
3595,City of Kigali,Gasabo,Rusororo,Bisenga,Gasiza,-1.90472382,30.26464479,"POLYGON ((30.2646689178695 -1.90472877970616, 30.2646667312878 -1.90470399384396, 30.264623782609 -1.90470782967269, 30.2646276903286 -1.9047521254004, 30.2646689178695 -1.90472877970616))",K-G-R-BLDG-S1904723-E3026464
3622,City of Kigali,Gasabo,Rutunga,Kacyatwa,Cyili,-1.82533152,30.1888791,"POLYGON ((30.1889080180779 -1.82533332255911, 30.1888898511158 -1.82530444363304, 30.188850176073 -1.82532971368449, 30.1888683430334 -1.82535859261031, 30.1889080180779 -1.82533332255911))",K-G-RU-BLDG-S1825331-E3018887
3631,City of Kigali,Gasabo,Jali,Nyakabungo,Gitaba,-1.89529907,30.04234307,"POLYGON ((30.0423707290482 -1.89530963296937, 30.0423659986803 -1.89528026035298, 30.0423153987713 -1.89528851036479, 30.0423201291381 -1.89531788297998, 30.0423707290482 -1.89530963296937))",K-G-JA-BLDG-S1895299-E3004234
3634,City of Kigali,Gasabo,Bumbogo,Ngara,Ruhinga,-1.89973471,30.13777016,"POLYGON ((30.1378045500132 -1.8997307359649, 30.1377912954554 -1.89970712341459, 30.137735767832 -1.89973867939662, 30.1377490223881 -1.89976229194689, 30.1378045500132 -1.8997307359649))",K-G-B-BLDG-S1899734-E3013777
3645,City of Kigali,Gasabo,Ndera,Mukuyu,Akamusare,-1.91153304,30.19890446,"POLYGON ((30.1989380318024 -1.91160690834531, 30.1989272905607 -1.91145513477223, 30.198870894555 -1.91145917542201, 30.1988816357907 -1.91161094898816, 30.1989380318024 -1.91160690834531))",K-G-N-BLDG-S1911533-E3019890
3653,City of Kigali,Gasabo,Kimihurura,Kimihurura,Ubumwe,-1.9604534,30.08183511,"POLYGON ((30.0818184899799 -1.96041073166267, 30.0817972453565 -1.96042794004551, 30.0818517458351 -1.96049605275756, 30.0818729904617 -1.9604788443736, 30.0818184899799 -1.96041073166267))",K-G-KIM-BLDG-S1960453-E3008183
3657,City of Kigali,Gasabo,Nduba,Muremure,Gatobotobo,-1.85206323,30.11901307,"POLYGON ((30.1190426695778 -1.85205189719885, 30.1190089861441 -1.85203164069806, 30.1189834896826 -1.85207456528326, 30.1190171731154 -1.85209482178509, 30.1190426695778 -1.85205189719885))",K-G-ND-BLDG-S1852063-E3011901
3679,City of Kigali,Gasabo,Bumbogo,Ngara,Uwaruraza,-1.8945693,30.11904906,"POLYGON ((30.1190785671317 -1.89456550587776, 30.1190620486946 -1.89454236429252, 30.119019544399 -1.89457308007492, 30.1190360628348 -1.89459622165995, 30.1190785671317 -1.89456550587776))",K-G-B-BLDG-S1894569-E3011904
3693,City of Kigali,Gasabo,Gisozi,Musezero,Gasharu,-1.91715919,30.06622321,"POLYGON ((30.0662355268412 -1.91716805628927, 30.06623261471 -1.91714723885644, 30.0662108768194 -1.91715031738036, 30.0662137889503 -1.91717113481288, 30.0662355268412 -1.91716805628927))",K-G-GI-BLDG-S1917159-E3006622
3734,City of Kigali,Gasabo,Kinyinya,Kagugu,Kadobogo,-1.91456905,30.07687856,"POLYGON ((30.0769159082521 -1.91460285039366, 30.0768932606743 -1.91451558526135, 30.0768548860878 -1.91452566774329, 30.0768603422783 -1.91454669141337, 30.0768419547545 -1.91455152252337, 30.0768591461374 -1.91461776398277, 30.0769159082521 -1.91460285039366))",K-G-K-BLDG-S1914569-E3007687
3772,City of Kigali,Gasabo,Bumbogo,Nyabikenke,Kamutamu,-1.89146975,30.15914032,"POLYGON ((30.1591514454673 -1.89143330361721, 30.1591088813331 -1.89144847293809, 30.1591292031149 -1.89150620193257, 30.1591717672524 -1.89149103261419, 30.1591514454673 -1.89143330361721))",K-G-B-BLDG-S1891469-E3015914
3773,City of Kigali,Gasabo,Bumbogo,Ngara,Uwaruraza,-1.89260115,30.12265878,"POLYGON ((30.1226900003457 -1.89259689740439, 30.1226367987419 -1.89257843582097, 30.1226275571605 -1.89260539806165, 30.1226807587639 -1.89262385964578, 30.1226900003457 -1.89259689740439))",K-G-B-BLDG-S1892601-E3012265
3774,City of Kigali,Gasabo,Nduba,Muremure,Nyaburoro,-1.87441008,30.11962106,"POLYGON ((30.1196478479824 -1.87442291579157, 30.1196390569705 -1.87438634677137, 30.1195942604151 -1.87439724945197, 30.1196030514252 -1.8744338184705, 30.1196478479824 -1.87442291579157))",K-G-ND-BLDG-S1874410-E3011962
3790,City of Kigali,Gasabo,Bumbogo,Ngara,Uwaruraza,-1.8937287,30.12283153,"POLYGON ((30.1228921609056 -1.89371124910012, 30.122809722524 -1.89366916417555, 30.1227709013175 -1.89374615256538, 30.1228533396962 -1.89378823749607, 30.1228921609056 -1.89371124910012))",K-G-B-BLDG-S1893728-E3012283
3797,City of Kigali,Gasabo,Gatsata,Karuruma,Muremera,-1.92022695,30.04051076,"POLYGON ((30.040528633963 -1.92020436214978, 30.0404912268802 -1.92020579579006, 30.0404928829397 -1.92024954092206, 30.0405302900235 -1.92024810728295, 30.040528633963 -1.92020436214978))",K-G-GA-BLDG-S1920226-E3004051
3809,City of Kigali,Gasabo,Nduba,Gasura,Gikombe,-1.85105291,30.10941368,"POLYGON ((30.1094235763851 -1.85102852871175, 30.1093930004003 -1.85103675946886, 30.109403778719 -1.85107729786089, 30.1094343547059 -1.85106906710433, 30.1094235763851 -1.85102852871175))",K-G-ND-BLDG-S1851052-E3010941
3840,City of Kigali,Gasabo,Kacyiru,Kibaza,Amahoro,-1.92997218,30.06724984,"POLYGON ((30.0673089219619 -1.93000742640764, 30.0672818853089 -1.9299119728126, 30.0671895526023 -1.92993844872706, 30.0672074951479 -1.93000179535911, 30.067212111955 -1.9300004715146, 30.067221206053 -1.93003257847187, 30.0673089219619 -1.93000742640764))",K-G-KA-BLDG-S1929972-E3006724
3853,City of Kigali,Gasabo,Jabana,Kidashya,Agatare,-1.85428718,30.07163533,"POLYGON ((30.071652628775 -1.85431288630817, 30.0716548272504 -1.85426313414482, 30.0716180409594 -1.8542614883765, 30.0716158424831 -1.85431124053818, 30.071652628775 -1.85431288630817))",K-G-J-BLDG-S1854287-E3007163
3857,City of Kigali,Gasabo,Gatsata,Karuruma,Kumuyange,-1.91589083,30.04486671,"POLYGON ((30.0448917358543 -1.91587312655539, 30.0448697070883 -1.91586020141383, 30.0448416936473 -1.91590853659131, 30.0448637224127 -1.9159214617341, 30.0448917358543 -1.91587312655539))",K-G-GA-BLDG-S1915890-E3004486
3889,City of Kigali,Gasabo,Gikomero,Kibara,Gasharu,-1.8516495,30.23800665,"POLYGON ((30.238046861972 -1.85164548973068, 30.2379930423337 -1.85161121640747, 30.2379664305923 -1.85165352536463, 30.2380202502294 -1.85168779868959, 30.238046861972 -1.85164548973068))",K-G-G-BLDG-S1851649-E3023800
3927,City of Kigali,Gasabo,Nduba,Gasura,Nyirakibehe,-1.84202756,30.09837465,"POLYGON ((30.0983935766289 -1.84206778677454, 30.0983898963964 -1.84198578142116, 30.0983557364766 -1.84198733355576, 30.0983594167069 -1.8420693389067, 30.0983935766289 -1.84206778677454))",K-G-ND-BLDG-S1842027-E3009837
3933,City of Kigali,Gasabo,Bumbogo,Kinyaga,Ryakigogo,-1.92942541,30.15126231,"POLYGON ((30.1512953533087 -1.92945744498336, 30.1512919558808 -1.92939017615017, 30.1512292708763 -1.92939338120263, 30.1512326683014 -1.92946065003222, 30.1512953533087 -1.92945744498336))",K-G-B-BLDG-S1929425-E3015126
3938,City of Kigali,Gasabo,Remera,Nyarutarama,Kangondo Ii,-1.933279,30.10418883,"POLYGON ((30.1042383844496 -1.93329037999347, 30.1041972653463 -1.93322857125606, 30.1041392797595 -1.93326762357793, 30.1041803988576 -1.93332943231472, 30.1042383844496 -1.93329037999347))",K-G-RE-BLDG-S1933279-E3010418
3944,City of Kigali,Gasabo,Nduba,Butare,Nyura,-1.87883104,30.12783645,"POLYGON ((30.1278700089684 -1.87881843107059, 30.1278518564229 -1.8787984960423, 30.1278028797042 -1.87884364744038, 30.1278210322475 -1.8788635824695, 30.1278700089684 -1.87881843107059))",K-G-ND-BLDG-S1878831-E3012783
3965,City of Kigali,Gasabo,Nduba,Gasanze,Gatagara,-1.87766864,30.10128835,"POLYGON ((30.1013236599866 -1.87767478430604, 30.101280830514 -1.87763339772584, 30.1012530488425 -1.87766250509946, 30.1012958783132 -1.87770389168064, 30.1013236599866 -1.87767478430604))",K-G-ND-BLDG-S1877668-E3010128
3979,City of Kigali,Gasabo,Remera,Nyabisindu,Gihogere,-1.94840795,30.11071789,"POLYGON ((30.1107782946691 -1.9484066909762, 30.1107017300234 -1.9483493842823, 30.1106574906006 -1.94840921958973, 30.1107340552416 -1.94846652628731, 30.1107782946691 -1.9484066909762))",K-G-RE-BLDG-S1948407-E3011071
4035,City of Kigali,Gasabo,Bumbogo,Ngara,Birembo,-1.9055265,30.1379627,"POLYGON ((30.1379866565123 -1.90551990472363, 30.1379524502804 -1.90550372784819, 30.1379387234426 -1.90553311303226, 30.1379729296742 -1.90554928990871, 30.1379866565123 -1.90551990472363))",K-G-B-BLDG-S1905526-E3013796
4093,City of Kigali,Gasabo,Ndera,Kibenga,Runyonza,-1.94472466,30.1731634,"POLYGON ((30.1732434152378 -1.94475272833095, 30.1732408923752 -1.94471746237454, 30.1731599227321 -1.94472332628317, 30.1731560157521 -1.94466871236062, 30.1731107047687 -1.944671993831, 30.1731171346063 -1.94476187370429, 30.1732434152378 -1.94475272833095))",K-G-N-BLDG-S1944724-E3017316
4119,City of Kigali,Gasabo,Remera,Nyabisindu,Rugarama,-1.952552,30.11291736,"POLYGON ((30.1130199121499 -1.95255227605979, 30.112940889894 -1.95245157352529, 30.1128148023644 -1.95255173578558, 30.1128938245981 -1.95265243832287, 30.1130199121499 -1.95255227605979))",K-G-RE-BLDG-S1952552-E3011291
4124,City of Kigali,Gasabo,Kinyinya,Kagugu,Nyakabungo,-1.90400438,30.0806531,"POLYGON ((30.0806555735238 -1.90397844276117, 30.0806319193463 -1.90398937439931, 30.08065061159 -1.90403032234959, 30.0806742657689 -1.90401939071142, 30.0806555735238 -1.90397844276117))",K-G-K-BLDG-S1904004-E3008065
4136,City of Kigali,Gasabo,Nduba,Gasanze,Gatagara,-1.88572498,30.09801828,"POLYGON ((30.0980390114812 -1.88573085607778, 30.0980274451563 -1.88570536284566, 30.0979975584879 -1.88571909078645, 30.0980091248118 -1.88574458401815, 30.0980390114812 -1.88573085607778))",K-G-ND-BLDG-S1885724-E3009801
4165,City of Kigali,Gasabo,Nduba,Gasura,Kigufi,-1.84467433,30.11616823,"POLYGON ((30.1161812431325 -1.84469467380511, 30.1161812768413 -1.84465401141667, 30.1161552448687 -1.84465398956769, 30.1161552111592 -1.8446946519552, 30.1161812431325 -1.84469467380511))",K-G-ND-BLDG-S1844674-E3011616
4169,City of Kigali,Gasabo,Nduba,Sha,Gakizi,-1.8320095,30.09756847,"POLYGON ((30.0976164109715 -1.83205423260036, 30.0975904017048 -1.83194753260484, 30.0975205322971 -1.83196477648485, 30.0975465415565 -1.83207147647517, 30.0976164109715 -1.83205423260036))",K-G-ND-BLDG-S1832009-E3009756
4179,City of Kigali,Gasabo,Rusororo,Ruhanga,Mirama,-1.94769072,30.25526286,"POLYGON ((30.2552773250998 -1.94770484231469, 30.2552768537971 -1.94767613228463, 30.2552484086126 -1.94767660500103, 30.2552488799148 -1.94770531503041, 30.2552773250998 -1.94770484231469))",K-G-R-BLDG-S1947690-E3025526
4195,City of Kigali,Gasabo,Jabana,Bweramvura,Rugogwe,-1.89838784,30.04887539,"POLYGON ((30.0488936189838 -1.89839824756161, 30.0488909314465 -1.89837371428708, 30.0488571678363 -1.89837745883006, 30.0488598553729 -1.8984019921039, 30.0488936189838 -1.89839824756161))",K-G-J-BLDG-S1898387-E3004887
4198,City of Kigali,Gasabo,Gatsata,Nyamabuye,Ruvumero,-1.92939944,30.04448939,"POLYGON ((30.0445506635654 -1.92941063389145, 30.0445292546656 -1.92941233636677, 30.0445239062926 -1.92934424843488, 30.0444388734967 -1.92935101040219, 30.0444466704776 -1.9294502706418, 30.0445531121798 -1.92944180620494, 30.0445506635654 -1.92941063389145))",K-G-GA-BLDG-S1929399-E3004448
4199,City of Kigali,Gasabo,Gisozi,Ruhango,Kanyinya,-1.93284605,30.05470444,"POLYGON ((30.054718604269 -1.9328851106275, 30.0547407406509 -1.93282616200025, 30.0546902641189 -1.93280697285224, 30.0546681277369 -1.9328659214767, 30.054718604269 -1.9328851106275))",K-G-GI-BLDG-S1932846-E3005470
4205,City of Kigali,Gasabo,Kinyinya,Murama,Rusenyi,-1.91931636,30.10831866,"POLYGON ((30.1083519000002 -1.91930751999616, 30.1083276865917 -1.91928340373584, 30.1082855792114 -1.91932501718195, 30.1083094509394 -1.91934947111351, 30.1083519000002 -1.91930751999616))",K-G-K-BLDG-S1919316-E3010831
4224,City of Kigali,Gasabo,Bumbogo,Mvuzo,Rukoma,-1.8710864,30.15079086,"POLYGON ((30.1508327183714 -1.87107348807942, 30.1507702592012 -1.87104753414307, 30.1507490066922 -1.87109931484203, 30.1508114658625 -1.87112526878176, 30.1508327183714 -1.87107348807942))",K-G-B-BLDG-S1871086-E3015079
4237,City of Kigali,Gasabo,Gisozi,Ruhango,Ntora,-1.91719083,30.05421104,"POLYGON ((30.0542425323953 -1.91722501535026, 30.0542370388348 -1.91715224549162, 30.0541795422715 -1.91715663975111, 30.054185035829 -1.91722940960627, 30.0542425323953 -1.91722501535026))",K-G-GI-BLDG-S1917190-E3005421
4240,City of Kigali,Gasabo,Gikomero,Gicaca,Nyagisozi,-1.89872294,30.23826638,"POLYGON ((30.2382920610126 -1.8987545599554, 30.2382901736242 -1.89868986069154, 30.238240683339 -1.89869132230614, 30.2382425707253 -1.89875602156753, 30.2382920610126 -1.8987545599554))",K-G-G-BLDG-S1898722-E3023826
4249,City of Kigali,Gasabo,Nduba,Sha,Kigarama,-1.83290652,30.08500581,"POLYGON ((30.0850476356907 -1.83291360155042, 30.0849908923946 -1.83286656355481, 30.0849639764308 -1.83289943807516, 30.0850207197247 -1.83294647607233, 30.0850476356907 -1.83291360155042))",K-G-ND-BLDG-S1832906-E3008500
4250,City of Kigali,Gasabo,Jabana,Akamatamu,Murehe,-1.86187769,30.07183644,"POLYGON ((30.071941717687 -1.8618797162202, 30.0717422601613 -1.86183029742502, 30.0717311569496 -1.86187566819844, 30.0719306144763 -1.86192508700236, 30.071941717687 -1.8618797162202))",K-G-J-BLDG-S1861877-E3007183
4251,City of Kigali,Gasabo,Bumbogo,Ngara,Gisasa,-1.9003365,30.12835242,"POLYGON ((30.128383638171 -1.90034129923553, 30.128340298999 -1.90030714947969, 30.1283211746294 -1.90033172089144, 30.1283645138003 -1.90036587064814, 30.128383638171 -1.90034129923553))",K-G-B-BLDG-S1900336-E3012835
4259,City of Kigali,Gasabo,Kinyinya,Gasharu,Rwankuba,-1.89485286,30.10575148,"POLYGON ((30.1058065380856 -1.89487108256712, 30.1057834654589 -1.89480423042117, 30.1056964191018 -1.89483464522733, 30.1057194917221 -1.89490149736986, 30.1058065380856 -1.89487108256712))",K-G-K-BLDG-S1894852-E3010575
4281,City of Kigali,Gasabo,Remera,Nyarutarama,Gishushu,-1.95175378,30.10581478,"POLYGON ((30.1058458257437 -1.9517403398537, 30.1057947624866 -1.95172639310898, 30.105783744318 -1.9517672314835, 30.1058348075752 -1.95178117823041, 30.1058458257437 -1.9517403398537))",K-G-RE-BLDG-S1951753-E3010581
4300,City of Kigali,Gasabo,Gikomero,Murambi,Rugarama,-1.90097035,30.20661184,"POLYGON ((30.206649288708 -1.90098290501037, 30.2066333413466 -1.90093044788726, 30.2065962427388 -1.90094186593079, 30.2066039107914 -1.90096708916123, 30.2065680113942 -1.90097813811491, 30.2065762907013 -1.90100537200547, 30.206649288708 -1.90098290501037))",K-G-G-BLDG-S1900970-E3020661
4318,City of Kigali,Gasabo,Rutunga,Kacyatwa,Cyili,-1.82305055,30.18464091,"POLYGON ((30.1846606713215 -1.8230619131067, 30.1846503542185 -1.82302970301368, 30.1846211449554 -1.8230391757397, 30.1846314620576 -1.82307138583204, 30.1846606713215 -1.8230619131067))",K-G-RU-BLDG-S1823050-E3018464
4324,City of Kigali,Gasabo,Bumbogo,Kinyaga,Muhozi,-1.92177529,30.15827698,"POLYGON ((30.1583090178037 -1.92176226666983, 30.1582554432639 -1.92174808848705, 30.1582449287002 -1.92178831089643, 30.1582985032401 -1.92180248908129, 30.1583090178037 -1.92176226666983))",K-G-B-BLDG-S1921775-E3015827
4328,City of Kigali,Gasabo,Bumbogo,Nyagasozi,Kabuye,-1.8367336,30.1470666,"POLYGON ((30.1471010762093 -1.83676857116461, 30.1471003451257 -1.83669792194831, 30.1470321202041 -1.83669863674912, 30.1470328512849 -1.83676928596124, 30.1471010762093 -1.83676857116461))",K-G-B-BLDG-S1836733-E3014706
4368,City of Kigali,Gasabo,Ndera,Kibenga,Ururembo,-1.96599945,30.18060922,"POLYGON ((30.1806616 -1.9660332, 30.180664 -1.9659699, 30.1806128 -1.9659679, 30.1805569 -1.9659657, 30.1805544 -1.966029, 30.1806616 -1.9660332))",K-G-N-BLDG-S1965999-E3018060
4382,City of Kigali,Gasabo,Remera,Nyabisindu,Kagara,-1.95261295,30.11001956,"POLYGON ((30.1099498 -1.9526925, 30.1100524 -1.9526711, 30.1100561 -1.952689, 30.1101136 -1.952677, 30.1100866 -1.9525458, 30.1100488 -1.9525536, 30.1100423 -1.9525219, 30.1099594 -1.9525392, 30.1099659 -1.9525709, 30.1099265 -1.9525791, 30.1099498 -1.9526925))",K-G-RE-BLDG-S1952612-E3011001
4414,City of Kigali,Gasabo,Gikomero,Munini,Runyinya,-1.88358931,30.21662591,"POLYGON ((30.2166616592876 -1.88369915580604, 30.2166620080244 -1.8834795723496, 30.2165901770761 -1.88347945685819, 30.2165898283311 -1.88369904030145, 30.2166616592876 -1.88369915580604))",K-G-G-BLDG-S1883589-E3021662
4455,City of Kigali,Gasabo,Ndera,Kibenga,Buhoro,-1.96349308,30.16833711,"POLYGON ((30.1683001290377 -1.96345370229513, 30.1682848898022 -1.9634798717143, 30.1683740841757 -1.96353245210813, 30.1683893234132 -1.96350628268721, 30.1683001290377 -1.96345370229513))",K-G-N-BLDG-S1963493-E3016833
4479,City of Kigali,Gasabo,Gisozi,Musezero,Nyakariba,-1.90813063,30.06053627,"POLYGON ((30.0605941231277 -1.9080628990515, 30.0604807607394 -1.90805708341776, 30.0604741873779 -1.90818680273978, 30.0605395207918 -1.90819015443526, 30.0605382906933 -1.90821442929273, 30.0605863196754 -1.90821689324623, 30.0605941231277 -1.9080628990515))",K-G-GI-BLDG-S1908130-E3006053
4493,City of Kigali,Gasabo,Jali,Nyabuliba,Nyaburira,-1.90489283,30.02679759,"POLYGON ((30.0268192646051 -1.90490499228191, 30.0268010779179 -1.90486811365992, 30.0267759167967 -1.90488067559555, 30.0267941034827 -1.90491755421726, 30.0268192646051 -1.90490499228191))",K-G-JA-BLDG-S1904892-E3002679
4504,City of Kigali,Gasabo,Jali,Nyamitanga,Agasharu,-1.89382299,30.00726702,"POLYGON ((30.0073059356747 -1.89380010630995, 30.0072514985827 -1.8937804169719, 30.0072281145658 -1.89384587096748, 30.007282551657 -1.89386556030923, 30.0073059356747 -1.89380010630995))",K-G-JA-BLDG-S1893822-E3000726
4517,City of Kigali,Gasabo,Bumbogo,Musave,Ramba,-1.93304979,30.16963157,"POLYGON ((30.169664314124 -1.93300130100969, 30.1696273599041 -1.93299132562125, 30.1695988396888 -1.9330982853012, 30.1696357939088 -1.93310826069344, 30.169664314124 -1.93300130100969))",K-G-B-BLDG-S1933049-E3016963
4531,City of Kigali,Gasabo,Jali,Agateko,Bukamba,-1.90499436,30.046867,"POLYGON ((30.0469237234658 -1.90499270145945, 30.0468826216429 -1.90498471271392, 30.0468975153731 -1.90490713559252, 30.0468443801815 -1.90489680798692, 30.0468140996854 -1.90505453025676, 30.0469083367021 -1.90507284661927, 30.0469237234658 -1.90499270145945))",K-G-JA-BLDG-S1904994-E3004686
